trial_id,rep,crop,variety,yield_part,yield,yield_moisture,yield_isfresh,dataset_id,record_id,on_farm,is_survey,country,location,longitude,latitude,geo_from_source,elevation,planting_date,harvest_date,N_fertilizer,P_fertilizer,K_fertilizer,irrigated
PTYL200910,1,potato,CIP385524.9,tubers,38888.8888888889,,TRUE,doi_10.21223_FBZ6JS,1,FALSE,FALSE,Kenya,baraka,35.0333,-0.2,TRUE,1203,2009-10-25,2010-02-16,,,,
PTYL200910,2,potato,CIP385524.9,tubers,25000,,TRUE,doi_10.21223_FBZ6JS,2,FALSE,FALSE,Kenya,baraka,35.0333,-0.2,TRUE,1203,2009-10-25,2010-02-16,,,,
PTYL200910,3,potato,CIP385524.9,tubers,34259.2592592593,,TRUE,doi_10.21223_FBZ6JS,3,FALSE,FALSE,Kenya,baraka,35.0333,-0.2,TRUE,1203,2009-10-25,2010-02-16,,,,
PTYL200910,4,potato,CIP385524.9,tubers,38888.8888888889,,TRUE,doi_10.21223_FBZ6JS,4,FALSE,FALSE,Kenya,baraka,35.0333,-0.2,TRUE,1203,2009-10-25,2010-02-16,,,,
PTYL200910,1,potato,CIP391391.96,tubers,9259.25925925926,,TRUE,doi_10.21223_FBZ6JS,5,FALSE,FALSE,Kenya,baraka,35.0333,-0.2,TRUE,1203,2009-10-25,2010-02-16,,,,
PTYL200910,2,potato,CIP391391.96,tubers,11111.1111111111,,TRUE,doi_10.21223_FBZ6JS,6,FALSE,FALSE,Kenya,baraka,35.0333,-0.2,TRUE,1203,2009-10-25,2010-02-16,,,,
PTYL200910,3,potato,CIP391391.96,tubers,12962.962962963,,TRUE,doi_10.21223_FBZ6JS,7,FALSE,FALSE,Kenya,baraka,35.0333,-0.2,TRUE,1203,2009-10-25,2010-02-16,,,,
PTYL200910,4,potato,CIP391391.96,tubers,15740.7407407407,,TRUE,doi_10.21223_FBZ6JS,8,FALSE,FALSE,Kenya,baraka,35.0333,-0.2,TRUE,1203,2009-10-25,2010-02-16,,,,
PTYL200910,1,potato,CIP392617.54,tubers,22222.2222222222,,TRUE,doi_10.21223_FBZ6JS,9,FALSE,FALSE,Kenya,baraka,35.0333,-0.2,TRUE,1203,2009-10-25,2010-02-16,,,,
PTYL200910,2,potato,CIP392617.54,tubers,18518.5185185185,,TRUE,doi_10.21223_FBZ6JS,10,FALSE,FALSE,Kenya,baraka,35.0333,-0.2,TRUE,1203,2009-10-25,2010-02-16,,,,
PTYL200910,3,potato,CIP392617.54,tubers,19444.4444444444,,TRUE,doi_10.21223_FBZ6JS,11,FALSE,FALSE,Kenya,baraka,35.0333,-0.2,TRUE,1203,2009-10-25,2010-02-16,,,,
PTYL200910,4,potato,CIP392617.54,tubers,16666.6666666667,,TRUE,doi_10.21223_FBZ6JS,12,FALSE,FALSE,Kenya,baraka,35.0333,-0.2,TRUE,1203,2009-10-25,2010-02-16,,,,
PTYL200910,1,potato,CIP392657.8,tubers,14814.8148148148,,TRUE,doi_10.21223_FBZ6JS,13,FALSE,FALSE,Kenya,baraka,35.0333,-0.2,TRUE,1203,2009-10-25,2010-02-16,,,,
PTYL200910,2,potato,CIP392657.8,tubers,19444.4444444444,,TRUE,doi_10.21223_FBZ6JS,14,FALSE,FALSE,Kenya,baraka,35.0333,-0.2,TRUE,1203,2009-10-25,2010-02-16,,,,
PTYL200910,3,potato,CIP392657.8,tubers,23148.1481481482,,TRUE,doi_10.21223_FBZ6JS,15,FALSE,FALSE,Kenya,baraka,35.0333,-0.2,TRUE,1203,2009-10-25,2010-02-16,,,,
PTYL200910,4,potato,CIP392657.8,tubers,18518.5185185185,,TRUE,doi_10.21223_FBZ6JS,16,FALSE,FALSE,Kenya,baraka,35.0333,-0.2,TRUE,1203,2009-10-25,2010-02-16,,,,
PTYL200910,1,potato,CIP393371.58,tubers,16666.6666666667,,TRUE,doi_10.21223_FBZ6JS,17,FALSE,FALSE,Kenya,baraka,35.0333,-0.2,TRUE,1203,2009-10-25,2010-02-16,,,,
PTYL200910,2,potato,CIP393371.58,tubers,25925.9259259259,,TRUE,doi_10.21223_FBZ6JS,18,FALSE,FALSE,Kenya,baraka,35.0333,-0.2,TRUE,1203,2009-10-25,2010-02-16,,,,
PTYL200910,3,potato,CIP393371.58,tubers,14814.8148148148,,TRUE,doi_10.21223_FBZ6JS,19,FALSE,FALSE,Kenya,baraka,35.0333,-0.2,TRUE,1203,2009-10-25,2010-02-16,,,,
PTYL200910,4,potato,CIP393371.58,tubers,16666.6666666667,,TRUE,doi_10.21223_FBZ6JS,20,FALSE,FALSE,Kenya,baraka,35.0333,-0.2,TRUE,1203,2009-10-25,2010-02-16,,,,
PTYL200910,1,potato,CIP393385.39,tubers,21296.2962962963,,TRUE,doi_10.21223_FBZ6JS,21,FALSE,FALSE,Kenya,baraka,35.0333,-0.2,TRUE,1203,2009-10-25,2010-02-16,,,,
PTYL200910,2,potato,CIP393385.39,tubers,33333.3333333333,,TRUE,doi_10.21223_FBZ6JS,22,FALSE,FALSE,Kenya,baraka,35.0333,-0.2,TRUE,1203,2009-10-25,2010-02-16,,,,
PTYL200910,3,potato,CIP393385.39,tubers,32407.4074074074,,TRUE,doi_10.21223_FBZ6JS,23,FALSE,FALSE,Kenya,baraka,35.0333,-0.2,TRUE,1203,2009-10-25,2010-02-16,,,,
PTYL200910,4,potato,CIP393385.39,tubers,36111.1111111111,,TRUE,doi_10.21223_FBZ6JS,24,FALSE,FALSE,Kenya,baraka,35.0333,-0.2,TRUE,1203,2009-10-25,2010-02-16,,,,
PTYL200910,1,potato,Dutch,tubers,7407.40740740741,,TRUE,doi_10.21223_FBZ6JS,25,FALSE,FALSE,Kenya,baraka,35.0333,-0.2,TRUE,1203,2009-10-25,2010-02-16,,,,
PTYL200910,2,potato,Dutch,tubers,17592.5925925926,,TRUE,doi_10.21223_FBZ6JS,26,FALSE,FALSE,Kenya,baraka,35.0333,-0.2,TRUE,1203,2009-10-25,2010-02-16,,,,
PTYL200910,3,potato,Dutch,tubers,15740.7407407407,,TRUE,doi_10.21223_FBZ6JS,27,FALSE,FALSE,Kenya,baraka,35.0333,-0.2,TRUE,1203,2009-10-25,2010-02-16,,,,
PTYL200910,4,potato,Dutch,tubers,13888.8888888889,,TRUE,doi_10.21223_FBZ6JS,28,FALSE,FALSE,Kenya,baraka,35.0333,-0.2,TRUE,1203,2009-10-25,2010-02-16,,,,
PTYL200910,1,potato,CIP381381.13,tubers,12962.962962963,,TRUE,doi_10.21223_FBZ6JS,29,FALSE,FALSE,Kenya,baraka,35.0333,-0.2,TRUE,1203,2009-10-25,2010-02-16,,,,
PTYL200910,2,potato,CIP381381.13,tubers,27777.7777777778,,TRUE,doi_10.21223_FBZ6JS,30,FALSE,FALSE,Kenya,baraka,35.0333,-0.2,TRUE,1203,2009-10-25,2010-02-16,,,,
PTYL200910,3,potato,CIP381381.13,tubers,20370.3703703704,,TRUE,doi_10.21223_FBZ6JS,31,FALSE,FALSE,Kenya,baraka,35.0333,-0.2,TRUE,1203,2009-10-25,2010-02-16,,,,
PTYL200910,4,potato,CIP381381.13,tubers,21296.2962962963,,TRUE,doi_10.21223_FBZ6JS,32,FALSE,FALSE,Kenya,baraka,35.0333,-0.2,TRUE,1203,2009-10-25,2010-02-16,,,,
PTYL200910,1,potato,CIP385524.9,tubers,17592.5925925926,,TRUE,doi_10.21223_FBZ6JS,33,FALSE,FALSE,Kenya,kibrch,37.5166,0.1,TRUE,2275,2009-10-25,2010-02-16,,,,
PTYL200910,2,potato,CIP385524.9,tubers,21296.2962962963,,TRUE,doi_10.21223_FBZ6JS,34,FALSE,FALSE,Kenya,kibrch,37.5166,0.1,TRUE,2275,2009-10-25,2010-02-16,,,,
PTYL200910,3,potato,CIP385524.9,tubers,28703.7037037037,,TRUE,doi_10.21223_FBZ6JS,35,FALSE,FALSE,Kenya,kibrch,37.5166,0.1,TRUE,2275,2009-10-25,2010-02-16,,,,
PTYL200910,4,potato,CIP385524.9,tubers,24074.0740740741,,TRUE,doi_10.21223_FBZ6JS,36,FALSE,FALSE,Kenya,kibrch,37.5166,0.1,TRUE,2275,2009-10-25,2010-02-16,,,,
PTYL200910,1,potato,CIP391391.96,tubers,12037.037037037,,TRUE,doi_10.21223_FBZ6JS,37,FALSE,FALSE,Kenya,kibrch,37.5166,0.1,TRUE,2275,2009-10-25,2010-02-16,,,,
PTYL200910,2,potato,CIP391391.96,tubers,13888.8888888889,,TRUE,doi_10.21223_FBZ6JS,38,FALSE,FALSE,Kenya,kibrch,37.5166,0.1,TRUE,2275,2009-10-25,2010-02-16,,,,
PTYL200910,3,potato,CIP391391.96,tubers,23148.1481481482,,TRUE,doi_10.21223_FBZ6JS,39,FALSE,FALSE,Kenya,kibrch,37.5166,0.1,TRUE,2275,2009-10-25,2010-02-16,,,,
PTYL200910,4,potato,CIP391391.96,tubers,15740.7407407407,,TRUE,doi_10.21223_FBZ6JS,40,FALSE,FALSE,Kenya,kibrch,37.5166,0.1,TRUE,2275,2009-10-25,2010-02-16,,,,
PTYL200910,1,potato,CIP392617.54,tubers,8333.33333333333,,TRUE,doi_10.21223_FBZ6JS,41,FALSE,FALSE,Kenya,kibrch,37.5166,0.1,TRUE,2275,2009-10-25,2010-02-16,,,,
PTYL200910,2,potato,CIP392617.54,tubers,12962.962962963,,TRUE,doi_10.21223_FBZ6JS,42,FALSE,FALSE,Kenya,kibrch,37.5166,0.1,TRUE,2275,2009-10-25,2010-02-16,,,,
PTYL200910,3,potato,CIP392617.54,tubers,19444.4444444444,,TRUE,doi_10.21223_FBZ6JS,43,FALSE,FALSE,Kenya,kibrch,37.5166,0.1,TRUE,2275,2009-10-25,2010-02-16,,,,
PTYL200910,4,potato,CIP392617.54,tubers,12962.962962963,,TRUE,doi_10.21223_FBZ6JS,44,FALSE,FALSE,Kenya,kibrch,37.5166,0.1,TRUE,2275,2009-10-25,2010-02-16,,,,
PTYL200910,1,potato,CIP392657.8,tubers,15740.7407407407,,TRUE,doi_10.21223_FBZ6JS,45,FALSE,FALSE,Kenya,kibrch,37.5166,0.1,TRUE,2275,2009-10-25,2010-02-16,,,,
PTYL200910,2,potato,CIP392657.8,tubers,23148.1481481482,,TRUE,doi_10.21223_FBZ6JS,46,FALSE,FALSE,Kenya,kibrch,37.5166,0.1,TRUE,2275,2009-10-25,2010-02-16,,,,
PTYL200910,3,potato,CIP392657.8,tubers,29629.6296296296,,TRUE,doi_10.21223_FBZ6JS,47,FALSE,FALSE,Kenya,kibrch,37.5166,0.1,TRUE,2275,2009-10-25,2010-02-16,,,,
PTYL200910,4,potato,CIP392657.8,tubers,23148.1481481482,,TRUE,doi_10.21223_FBZ6JS,48,FALSE,FALSE,Kenya,kibrch,37.5166,0.1,TRUE,2275,2009-10-25,2010-02-16,,,,
PTYL200910,1,potato,CIP393371.58,tubers,25000,,TRUE,doi_10.21223_FBZ6JS,49,FALSE,FALSE,Kenya,kibrch,37.5166,0.1,TRUE,2275,2009-10-25,2010-02-16,,,,
PTYL200910,2,potato,CIP393371.58,tubers,19444.4444444444,,TRUE,doi_10.21223_FBZ6JS,50,FALSE,FALSE,Kenya,kibrch,37.5166,0.1,TRUE,2275,2009-10-25,2010-02-16,,,,
PTYL200910,3,potato,CIP393371.58,tubers,27777.7777777778,,TRUE,doi_10.21223_FBZ6JS,51,FALSE,FALSE,Kenya,kibrch,37.5166,0.1,TRUE,2275,2009-10-25,2010-02-16,,,,
PTYL200910,4,potato,CIP393371.58,tubers,18518.5185185185,,TRUE,doi_10.21223_FBZ6JS,52,FALSE,FALSE,Kenya,kibrch,37.5166,0.1,TRUE,2275,2009-10-25,2010-02-16,,,,
PTYL200910,1,potato,CIP393385.39,tubers,20370.3703703704,,TRUE,doi_10.21223_FBZ6JS,53,FALSE,FALSE,Kenya,kibrch,37.5166,0.1,TRUE,2275,2009-10-25,2010-02-16,,,,
PTYL200910,2,potato,CIP393385.39,tubers,20370.3703703704,,TRUE,doi_10.21223_FBZ6JS,54,FALSE,FALSE,Kenya,kibrch,37.5166,0.1,TRUE,2275,2009-10-25,2010-02-16,,,,
PTYL200910,3,potato,CIP393385.39,tubers,29629.6296296296,,TRUE,doi_10.21223_FBZ6JS,55,FALSE,FALSE,Kenya,kibrch,37.5166,0.1,TRUE,2275,2009-10-25,2010-02-16,,,,
PTYL200910,4,potato,CIP393385.39,tubers,22222.2222222222,,TRUE,doi_10.21223_FBZ6JS,56,FALSE,FALSE,Kenya,kibrch,37.5166,0.1,TRUE,2275,2009-10-25,2010-02-16,,,,
PTYL200910,1,potato,Dutch,tubers,16666.6666666667,,TRUE,doi_10.21223_FBZ6JS,57,FALSE,FALSE,Kenya,kibrch,37.5166,0.1,TRUE,2275,2009-10-25,2010-02-16,,,,
PTYL200910,2,potato,Dutch,tubers,18518.5185185185,,TRUE,doi_10.21223_FBZ6JS,58,FALSE,FALSE,Kenya,kibrch,37.5166,0.1,TRUE,2275,2009-10-25,2010-02-16,,,,
PTYL200910,3,potato,Dutch,tubers,25000,,TRUE,doi_10.21223_FBZ6JS,59,FALSE,FALSE,Kenya,kibrch,37.5166,0.1,TRUE,2275,2009-10-25,2010-02-16,,,,
PTYL200910,4,potato,Dutch,tubers,22222.2222222222,,TRUE,doi_10.21223_FBZ6JS,60,FALSE,FALSE,Kenya,kibrch,37.5166,0.1,TRUE,2275,2009-10-25,2010-02-16,,,,
PTYL200910,1,potato,CIP381381.13,tubers,15740.7407407407,,TRUE,doi_10.21223_FBZ6JS,61,FALSE,FALSE,Kenya,kibrch,37.5166,0.1,TRUE,2275,2009-10-25,2010-02-16,,,,
PTYL200910,2,potato,CIP381381.13,tubers,27777.7777777778,,TRUE,doi_10.21223_FBZ6JS,62,FALSE,FALSE,Kenya,kibrch,37.5166,0.1,TRUE,2275,2009-10-25,2010-02-16,,,,
PTYL200910,3,potato,CIP381381.13,tubers,28703.7037037037,,TRUE,doi_10.21223_FBZ6JS,63,FALSE,FALSE,Kenya,kibrch,37.5166,0.1,TRUE,2275,2009-10-25,2010-02-16,,,,
PTYL200910,4,potato,CIP381381.13,tubers,23148.1481481482,,TRUE,doi_10.21223_FBZ6JS,64,FALSE,FALSE,Kenya,kibrch,37.5166,0.1,TRUE,2275,2009-10-25,2010-02-16,,,,
PTYL200910,1,potato,CIP385524.9,tubers,50000,,TRUE,doi_10.21223_FBZ6JS,65,FALSE,FALSE,Kenya,kisima,37.4,0.1166,TRUE,2477,2009-10-25,2010-02-16,,,,
PTYL200910,2,potato,CIP385524.9,tubers,50000,,TRUE,doi_10.21223_FBZ6JS,66,FALSE,FALSE,Kenya,kisima,37.4,0.1166,TRUE,2477,2009-10-25,2010-02-16,,,,
PTYL200910,3,potato,CIP385524.9,tubers,50000,,TRUE,doi_10.21223_FBZ6JS,67,FALSE,FALSE,Kenya,kisima,37.4,0.1166,TRUE,2477,2009-10-25,2010-02-16,,,,
PTYL200910,4,potato,CIP385524.9,tubers,42592.5925925926,,TRUE,doi_10.21223_FBZ6JS,68,FALSE,FALSE,Kenya,kisima,37.4,0.1166,TRUE,2477,2009-10-25,2010-02-16,,,,
PTYL200910,1,potato,CIP391391.96,tubers,3703.7037037037,,TRUE,doi_10.21223_FBZ6JS,69,FALSE,FALSE,Kenya,kisima,37.4,0.1166,TRUE,2477,2009-10-25,2010-02-16,,,,
PTYL200910,2,potato,CIP391391.96,tubers,17592.5925925926,,TRUE,doi_10.21223_FBZ6JS,70,FALSE,FALSE,Kenya,kisima,37.4,0.1166,TRUE,2477,2009-10-25,2010-02-16,,,,
PTYL200910,3,potato,CIP391391.96,tubers,16666.6666666667,,TRUE,doi_10.21223_FBZ6JS,71,FALSE,FALSE,Kenya,kisima,37.4,0.1166,TRUE,2477,2009-10-25,2010-02-16,,,,
PTYL200910,4,potato,CIP391391.96,tubers,18518.5185185185,,TRUE,doi_10.21223_FBZ6JS,72,FALSE,FALSE,Kenya,kisima,37.4,0.1166,TRUE,2477,2009-10-25,2010-02-16,,,,
PTYL200910,1,potato,CIP392617.54,tubers,25000,,TRUE,doi_10.21223_FBZ6JS,73,FALSE,FALSE,Kenya,kisima,37.4,0.1166,TRUE,2477,2009-10-25,2010-02-16,,,,
PTYL200910,2,potato,CIP392617.54,tubers,12037.037037037,,TRUE,doi_10.21223_FBZ6JS,74,FALSE,FALSE,Kenya,kisima,37.4,0.1166,TRUE,2477,2009-10-25,2010-02-16,,,,
PTYL200910,3,potato,CIP392617.54,tubers,12037.037037037,,TRUE,doi_10.21223_FBZ6JS,75,FALSE,FALSE,Kenya,kisima,37.4,0.1166,TRUE,2477,2009-10-25,2010-02-16,,,,
PTYL200910,4,potato,CIP392617.54,tubers,25000,,TRUE,doi_10.21223_FBZ6JS,76,FALSE,FALSE,Kenya,kisima,37.4,0.1166,TRUE,2477,2009-10-25,2010-02-16,,,,
PTYL200910,1,potato,CIP392657.8,tubers,26851.8518518519,,TRUE,doi_10.21223_FBZ6JS,77,FALSE,FALSE,Kenya,kisima,37.4,0.1166,TRUE,2477,2009-10-25,2010-02-16,,,,
PTYL200910,2,potato,CIP392657.8,tubers,28703.7037037037,,TRUE,doi_10.21223_FBZ6JS,78,FALSE,FALSE,Kenya,kisima,37.4,0.1166,TRUE,2477,2009-10-25,2010-02-16,,,,
PTYL200910,3,potato,CIP392657.8,tubers,6481.48148148148,,TRUE,doi_10.21223_FBZ6JS,79,FALSE,FALSE,Kenya,kisima,37.4,0.1166,TRUE,2477,2009-10-25,2010-02-16,,,,
PTYL200910,4,potato,CIP392657.8,tubers,4629.62962962963,,TRUE,doi_10.21223_FBZ6JS,80,FALSE,FALSE,Kenya,kisima,37.4,0.1166,TRUE,2477,2009-10-25,2010-02-16,,,,
PTYL200910,1,potato,CIP393371.58,tubers,7407.40740740741,,TRUE,doi_10.21223_FBZ6JS,81,FALSE,FALSE,Kenya,kisima,37.4,0.1166,TRUE,2477,2009-10-25,2010-02-16,,,,
PTYL200910,2,potato,CIP393371.58,tubers,42592.5925925926,,TRUE,doi_10.21223_FBZ6JS,82,FALSE,FALSE,Kenya,kisima,37.4,0.1166,TRUE,2477,2009-10-25,2010-02-16,,,,
PTYL200910,3,potato,CIP393371.58,tubers,25000,,TRUE,doi_10.21223_FBZ6JS,83,FALSE,FALSE,Kenya,kisima,37.4,0.1166,TRUE,2477,2009-10-25,2010-02-16,,,,
PTYL200910,4,potato,CIP393371.58,tubers,16666.6666666667,,TRUE,doi_10.21223_FBZ6JS,84,FALSE,FALSE,Kenya,kisima,37.4,0.1166,TRUE,2477,2009-10-25,2010-02-16,,,,
PTYL200910,1,potato,CIP393385.39,tubers,38888.8888888889,,TRUE,doi_10.21223_FBZ6JS,85,FALSE,FALSE,Kenya,kisima,37.4,0.1166,TRUE,2477,2009-10-25,2010-02-16,,,,
PTYL200910,2,potato,CIP393385.39,tubers,39814.8148148148,,TRUE,doi_10.21223_FBZ6JS,86,FALSE,FALSE,Kenya,kisima,37.4,0.1166,TRUE,2477,2009-10-25,2010-02-16,,,,
PTYL200910,3,potato,CIP393385.39,tubers,42592.5925925926,,TRUE,doi_10.21223_FBZ6JS,87,FALSE,FALSE,Kenya,kisima,37.4,0.1166,TRUE,2477,2009-10-25,2010-02-16,,,,
PTYL200910,4,potato,CIP393385.39,tubers,37037.037037037,,TRUE,doi_10.21223_FBZ6JS,88,FALSE,FALSE,Kenya,kisima,37.4,0.1166,TRUE,2477,2009-10-25,2010-02-16,,,,
PTYL200910,1,potato,Dutch,tubers,23148.1481481482,,TRUE,doi_10.21223_FBZ6JS,89,FALSE,FALSE,Kenya,kisima,37.4,0.1166,TRUE,2477,2009-10-25,2010-02-16,,,,
PTYL200910,2,potato,Dutch,tubers,23148.1481481482,,TRUE,doi_10.21223_FBZ6JS,90,FALSE,FALSE,Kenya,kisima,37.4,0.1166,TRUE,2477,2009-10-25,2010-02-16,,,,
PTYL200910,3,potato,Dutch,tubers,23148.1481481482,,TRUE,doi_10.21223_FBZ6JS,91,FALSE,FALSE,Kenya,kisima,37.4,0.1166,TRUE,2477,2009-10-25,2010-02-16,,,,
PTYL200910,4,potato,Dutch,tubers,24074.0740740741,,TRUE,doi_10.21223_FBZ6JS,92,FALSE,FALSE,Kenya,kisima,37.4,0.1166,TRUE,2477,2009-10-25,2010-02-16,,,,
PTYL200910,1,potato,CIP381381.13,tubers,49074.0740740741,,TRUE,doi_10.21223_FBZ6JS,93,FALSE,FALSE,Kenya,kisima,37.4,0.1166,TRUE,2477,2009-10-25,2010-02-16,,,,
PTYL200910,2,potato,CIP381381.13,tubers,45370.3703703704,,TRUE,doi_10.21223_FBZ6JS,94,FALSE,FALSE,Kenya,kisima,37.4,0.1166,TRUE,2477,2009-10-25,2010-02-16,,,,
PTYL200910,3,potato,CIP381381.13,tubers,34259.2592592593,,TRUE,doi_10.21223_FBZ6JS,95,FALSE,FALSE,Kenya,kisima,37.4,0.1166,TRUE,2477,2009-10-25,2010-02-16,,,,
PTYL200910,4,potato,CIP381381.13,tubers,38888.8888888889,,TRUE,doi_10.21223_FBZ6JS,96,FALSE,FALSE,Kenya,kisima,37.4,0.1166,TRUE,2477,2009-10-25,2010-02-16,,,,
PTYL200910,1,potato,CIP385524.9,tubers,43518.5185185185,,TRUE,doi_10.21223_FBZ6JS,97,FALSE,FALSE,Kenya,limuru,36.7333,-1.1333,TRUE,2036,2009-10-25,2010-02-16,,,,
PTYL200910,2,potato,CIP385524.9,tubers,42592.5925925926,,TRUE,doi_10.21223_FBZ6JS,98,FALSE,FALSE,Kenya,limuru,36.7333,-1.1333,TRUE,2036,2009-10-25,2010-02-16,,,,
PTYL200910,3,potato,CIP385524.9,tubers,43518.5185185185,,TRUE,doi_10.21223_FBZ6JS,99,FALSE,FALSE,Kenya,limuru,36.7333,-1.1333,TRUE,2036,2009-10-25,2010-02-16,,,,
PTYL200910,4,potato,CIP385524.9,tubers,47222.2222222222,,TRUE,doi_10.21223_FBZ6JS,100,FALSE,FALSE,Kenya,limuru,36.7333,-1.1333,TRUE,2036,2009-10-25,2010-02-16,,,,
PTYL200910,1,potato,CIP391391.96,tubers,17592.5925925926,,TRUE,doi_10.21223_FBZ6JS,101,FALSE,FALSE,Kenya,limuru,36.7333,-1.1333,TRUE,2036,2009-10-25,2010-02-16,,,,
PTYL200910,2,potato,CIP391391.96,tubers,21296.2962962963,,TRUE,doi_10.21223_FBZ6JS,102,FALSE,FALSE,Kenya,limuru,36.7333,-1.1333,TRUE,2036,2009-10-25,2010-02-16,,,,
PTYL200910,3,potato,CIP391391.96,tubers,15740.7407407407,,TRUE,doi_10.21223_FBZ6JS,103,FALSE,FALSE,Kenya,limuru,36.7333,-1.1333,TRUE,2036,2009-10-25,2010-02-16,,,,
PTYL200910,4,potato,CIP391391.96,tubers,26851.8518518519,,TRUE,doi_10.21223_FBZ6JS,104,FALSE,FALSE,Kenya,limuru,36.7333,-1.1333,TRUE,2036,2009-10-25,2010-02-16,,,,
PTYL200910,1,potato,CIP392617.54,tubers,19444.4444444444,,TRUE,doi_10.21223_FBZ6JS,105,FALSE,FALSE,Kenya,limuru,36.7333,-1.1333,TRUE,2036,2009-10-25,2010-02-16,,,,
PTYL200910,2,potato,CIP392617.54,tubers,25000,,TRUE,doi_10.21223_FBZ6JS,106,FALSE,FALSE,Kenya,limuru,36.7333,-1.1333,TRUE,2036,2009-10-25,2010-02-16,,,,
PTYL200910,3,potato,CIP392617.54,tubers,21296.2962962963,,TRUE,doi_10.21223_FBZ6JS,107,FALSE,FALSE,Kenya,limuru,36.7333,-1.1333,TRUE,2036,2009-10-25,2010-02-16,,,,
PTYL200910,4,potato,CIP392617.54,tubers,25000,,TRUE,doi_10.21223_FBZ6JS,108,FALSE,FALSE,Kenya,limuru,36.7333,-1.1333,TRUE,2036,2009-10-25,2010-02-16,,,,
PTYL200910,1,potato,CIP392657.8,tubers,31481.4814814815,,TRUE,doi_10.21223_FBZ6JS,109,FALSE,FALSE,Kenya,limuru,36.7333,-1.1333,TRUE,2036,2009-10-25,2010-02-16,,,,
PTYL200910,2,potato,CIP392657.8,tubers,27777.7777777778,,TRUE,doi_10.21223_FBZ6JS,110,FALSE,FALSE,Kenya,limuru,36.7333,-1.1333,TRUE,2036,2009-10-25,2010-02-16,,,,
PTYL200910,3,potato,CIP392657.8,tubers,33333.3333333333,,TRUE,doi_10.21223_FBZ6JS,111,FALSE,FALSE,Kenya,limuru,36.7333,-1.1333,TRUE,2036,2009-10-25,2010-02-16,,,,
PTYL200910,4,potato,CIP392657.8,tubers,28703.7037037037,,TRUE,doi_10.21223_FBZ6JS,112,FALSE,FALSE,Kenya,limuru,36.7333,-1.1333,TRUE,2036,2009-10-25,2010-02-16,,,,
PTYL200910,2,potato,CIP393371.58,tubers,36111.1111111111,,TRUE,doi_10.21223_FBZ6JS,113,FALSE,FALSE,Kenya,limuru,36.7333,-1.1333,TRUE,2036,2009-10-25,2010-02-16,,,,
PTYL200910,3,potato,CIP393371.58,tubers,52777.7777777778,,TRUE,doi_10.21223_FBZ6JS,114,FALSE,FALSE,Kenya,limuru,36.7333,-1.1333,TRUE,2036,2009-10-25,2010-02-16,,,,
PTYL200910,4,potato,CIP393371.58,tubers,56481.4814814815,,TRUE,doi_10.21223_FBZ6JS,115,FALSE,FALSE,Kenya,limuru,36.7333,-1.1333,TRUE,2036,2009-10-25,2010-02-16,,,,
PTYL200910,1,potato,CIP393385.39,tubers,48148.1481481482,,TRUE,doi_10.21223_FBZ6JS,116,FALSE,FALSE,Kenya,limuru,36.7333,-1.1333,TRUE,2036,2009-10-25,2010-02-16,,,,
PTYL200910,2,potato,CIP393385.39,tubers,53703.7037037037,,TRUE,doi_10.21223_FBZ6JS,117,FALSE,FALSE,Kenya,limuru,36.7333,-1.1333,TRUE,2036,2009-10-25,2010-02-16,,,,
PTYL200910,3,potato,CIP393385.39,tubers,47222.2222222222,,TRUE,doi_10.21223_FBZ6JS,118,FALSE,FALSE,Kenya,limuru,36.7333,-1.1333,TRUE,2036,2009-10-25,2010-02-16,,,,
PTYL200910,4,potato,CIP393385.39,tubers,45370.3703703704,,TRUE,doi_10.21223_FBZ6JS,119,FALSE,FALSE,Kenya,limuru,36.7333,-1.1333,TRUE,2036,2009-10-25,2010-02-16,,,,
PTYL200910,1,potato,Dutch,tubers,23148.1481481482,,TRUE,doi_10.21223_FBZ6JS,120,FALSE,FALSE,Kenya,limuru,36.7333,-1.1333,TRUE,2036,2009-10-25,2010-02-16,,,,
PTYL200910,2,potato,Dutch,tubers,30555.5555555556,,TRUE,doi_10.21223_FBZ6JS,121,FALSE,FALSE,Kenya,limuru,36.7333,-1.1333,TRUE,2036,2009-10-25,2010-02-16,,,,
PTYL200910,3,potato,Dutch,tubers,28703.7037037037,,TRUE,doi_10.21223_FBZ6JS,122,FALSE,FALSE,Kenya,limuru,36.7333,-1.1333,TRUE,2036,2009-10-25,2010-02-16,,,,
PTYL200910,4,potato,Dutch,tubers,27777.7777777778,,TRUE,doi_10.21223_FBZ6JS,123,FALSE,FALSE,Kenya,limuru,36.7333,-1.1333,TRUE,2036,2009-10-25,2010-02-16,,,,
PTYL200910,1,potato,CIP381381.13,tubers,51851.8518518519,,TRUE,doi_10.21223_FBZ6JS,124,FALSE,FALSE,Kenya,limuru,36.7333,-1.1333,TRUE,2036,2009-10-25,2010-02-16,,,,
PTYL200910,2,potato,CIP381381.13,tubers,49074.0740740741,,TRUE,doi_10.21223_FBZ6JS,125,FALSE,FALSE,Kenya,limuru,36.7333,-1.1333,TRUE,2036,2009-10-25,2010-02-16,,,,
PTYL200910,3,potato,CIP381381.13,tubers,52777.7777777778,,TRUE,doi_10.21223_FBZ6JS,126,FALSE,FALSE,Kenya,limuru,36.7333,-1.1333,TRUE,2036,2009-10-25,2010-02-16,,,,
PTYL200910,1,potato,CIP385524.9,tubers,37037.037037037,,TRUE,doi_10.21223_FBZ6JS,127,FALSE,FALSE,Kenya,narok,35.8666,-1.0833,TRUE,1920,2009-10-25,2010-02-16,,,,
PTYL200910,2,potato,CIP385524.9,tubers,36111.1111111111,,TRUE,doi_10.21223_FBZ6JS,128,FALSE,FALSE,Kenya,narok,35.8666,-1.0833,TRUE,1920,2009-10-25,2010-02-16,,,,
PTYL200910,3,potato,CIP385524.9,tubers,39814.8148148148,,TRUE,doi_10.21223_FBZ6JS,129,FALSE,FALSE,Kenya,narok,35.8666,-1.0833,TRUE,1920,2009-10-25,2010-02-16,,,,
PTYL200910,4,potato,CIP385524.9,tubers,34259.2592592593,,TRUE,doi_10.21223_FBZ6JS,130,FALSE,FALSE,Kenya,narok,35.8666,-1.0833,TRUE,1920,2009-10-25,2010-02-16,,,,
PTYL200910,1,potato,CIP391391.96,tubers,21296.2962962963,,TRUE,doi_10.21223_FBZ6JS,131,FALSE,FALSE,Kenya,narok,35.8666,-1.0833,TRUE,1920,2009-10-25,2010-02-16,,,,
PTYL200910,2,potato,CIP391391.96,tubers,15740.7407407407,,TRUE,doi_10.21223_FBZ6JS,132,FALSE,FALSE,Kenya,narok,35.8666,-1.0833,TRUE,1920,2009-10-25,2010-02-16,,,,
PTYL200910,3,potato,CIP391391.96,tubers,21296.2962962963,,TRUE,doi_10.21223_FBZ6JS,133,FALSE,FALSE,Kenya,narok,35.8666,-1.0833,TRUE,1920,2009-10-25,2010-02-16,,,,
PTYL200910,4,potato,CIP391391.96,tubers,17592.5925925926,,TRUE,doi_10.21223_FBZ6JS,134,FALSE,FALSE,Kenya,narok,35.8666,-1.0833,TRUE,1920,2009-10-25,2010-02-16,,,,
PTYL200910,1,potato,CIP392617.54,tubers,19444.4444444444,,TRUE,doi_10.21223_FBZ6JS,135,FALSE,FALSE,Kenya,narok,35.8666,-1.0833,TRUE,1920,2009-10-25,2010-02-16,,,,
PTYL200910,2,potato,CIP392617.54,tubers,18518.5185185185,,TRUE,doi_10.21223_FBZ6JS,136,FALSE,FALSE,Kenya,narok,35.8666,-1.0833,TRUE,1920,2009-10-25,2010-02-16,,,,
PTYL200910,3,potato,CIP392617.54,tubers,18518.5185185185,,TRUE,doi_10.21223_FBZ6JS,137,FALSE,FALSE,Kenya,narok,35.8666,-1.0833,TRUE,1920,2009-10-25,2010-02-16,,,,
PTYL200910,4,potato,CIP392617.54,tubers,17592.5925925926,,TRUE,doi_10.21223_FBZ6JS,138,FALSE,FALSE,Kenya,narok,35.8666,-1.0833,TRUE,1920,2009-10-25,2010-02-16,,,,
PTYL200910,1,potato,CIP392657.8,tubers,19444.4444444444,,TRUE,doi_10.21223_FBZ6JS,139,FALSE,FALSE,Kenya,narok,35.8666,-1.0833,TRUE,1920,2009-10-25,2010-02-16,,,,
PTYL200910,2,potato,CIP392657.8,tubers,43518.5185185185,,TRUE,doi_10.21223_FBZ6JS,140,FALSE,FALSE,Kenya,narok,35.8666,-1.0833,TRUE,1920,2009-10-25,2010-02-16,,,,
PTYL200910,3,potato,CIP392657.8,tubers,32407.4074074074,,TRUE,doi_10.21223_FBZ6JS,141,FALSE,FALSE,Kenya,narok,35.8666,-1.0833,TRUE,1920,2009-10-25,2010-02-16,,,,
PTYL200910,4,potato,CIP392657.8,tubers,20370.3703703704,,TRUE,doi_10.21223_FBZ6JS,142,FALSE,FALSE,Kenya,narok,35.8666,-1.0833,TRUE,1920,2009-10-25,2010-02-16,,,,
PTYL200910,1,potato,CIP393371.58,tubers,27777.7777777778,,TRUE,doi_10.21223_FBZ6JS,143,FALSE,FALSE,Kenya,narok,35.8666,-1.0833,TRUE,1920,2009-10-25,2010-02-16,,,,
PTYL200910,2,potato,CIP393371.58,tubers,44444.4444444444,,TRUE,doi_10.21223_FBZ6JS,144,FALSE,FALSE,Kenya,narok,35.8666,-1.0833,TRUE,1920,2009-10-25,2010-02-16,,,,
PTYL200910,3,potato,CIP393371.58,tubers,44444.4444444444,,TRUE,doi_10.21223_FBZ6JS,145,FALSE,FALSE,Kenya,narok,35.8666,-1.0833,TRUE,1920,2009-10-25,2010-02-16,,,,
PTYL200910,4,potato,CIP393371.58,tubers,42592.5925925926,,TRUE,doi_10.21223_FBZ6JS,146,FALSE,FALSE,Kenya,narok,35.8666,-1.0833,TRUE,1920,2009-10-25,2010-02-16,,,,
PTYL200910,1,potato,CIP393385.39,tubers,39814.8148148148,,TRUE,doi_10.21223_FBZ6JS,147,FALSE,FALSE,Kenya,narok,35.8666,-1.0833,TRUE,1920,2009-10-25,2010-02-16,,,,
PTYL200910,2,potato,CIP393385.39,tubers,37037.037037037,,TRUE,doi_10.21223_FBZ6JS,148,FALSE,FALSE,Kenya,narok,35.8666,-1.0833,TRUE,1920,2009-10-25,2010-02-16,,,,
PTYL200910,3,potato,CIP393385.39,tubers,37037.037037037,,TRUE,doi_10.21223_FBZ6JS,149,FALSE,FALSE,Kenya,narok,35.8666,-1.0833,TRUE,1920,2009-10-25,2010-02-16,,,,
PTYL200910,4,potato,CIP393385.39,tubers,36111.1111111111,,TRUE,doi_10.21223_FBZ6JS,150,FALSE,FALSE,Kenya,narok,35.8666,-1.0833,TRUE,1920,2009-10-25,2010-02-16,,,,
PTYL200910,1,potato,Dutch,tubers,25925.9259259259,,TRUE,doi_10.21223_FBZ6JS,151,FALSE,FALSE,Kenya,narok,35.8666,-1.0833,TRUE,1920,2009-10-25,2010-02-16,,,,
PTYL200910,2,potato,Dutch,tubers,24074.0740740741,,TRUE,doi_10.21223_FBZ6JS,152,FALSE,FALSE,Kenya,narok,35.8666,-1.0833,TRUE,1920,2009-10-25,2010-02-16,,,,
PTYL200910,3,potato,Dutch,tubers,33333.3333333333,,TRUE,doi_10.21223_FBZ6JS,153,FALSE,FALSE,Kenya,narok,35.8666,-1.0833,TRUE,1920,2009-10-25,2010-02-16,,,,
PTYL200910,4,potato,Dutch,tubers,23148.1481481482,,TRUE,doi_10.21223_FBZ6JS,154,FALSE,FALSE,Kenya,narok,35.8666,-1.0833,TRUE,1920,2009-10-25,2010-02-16,,,,
PTYL200910,1,potato,CIP381381.13,tubers,36111.1111111111,,TRUE,doi_10.21223_FBZ6JS,155,FALSE,FALSE,Kenya,narok,35.8666,-1.0833,TRUE,1920,2009-10-25,2010-02-16,,,,
PTYL200910,2,potato,CIP381381.13,tubers,37037.037037037,,TRUE,doi_10.21223_FBZ6JS,156,FALSE,FALSE,Kenya,narok,35.8666,-1.0833,TRUE,1920,2009-10-25,2010-02-16,,,,
PTYL200910,3,potato,CIP381381.13,tubers,36111.1111111111,,TRUE,doi_10.21223_FBZ6JS,157,FALSE,FALSE,Kenya,narok,35.8666,-1.0833,TRUE,1920,2009-10-25,2010-02-16,,,,
PTYL200910,4,potato,CIP381381.13,tubers,35185.1851851852,,TRUE,doi_10.21223_FBZ6JS,158,FALSE,FALSE,Kenya,narok,35.8666,-1.0833,TRUE,1920,2009-10-25,2010-02-16,,,,
