trial_id,plot_id,rep,crop,variety,yield_part,yield,yield_moisture,yield_isfresh,yield_marketable,dataset_id,record_id,on_farm,is_survey,country,location,longitude,latitude,geo_from_source,planting_date,harvest_date,N_fertilizer,P_fertilizer,K_fertilizer,irrigated
MXKUIK_Chinchao_2019-2020,101,1,potato,CIP396026.101,tubers,33296.2356617647,,TRUE,32536.4393382353,doi_10.21223_MXKUIK,1,TRUE,FALSE,Peru,Chinchao,,,FALSE,,,,,,
MXKUIK_Chinchao_2019-2020,102,1,potato,CIP393371.164,tubers,44850.297761194,,TRUE,37474.7496268657,doi_10.21223_MXKUIK,2,TRUE,FALSE,Peru,Chinchao,,,FALSE,,,,,,
MXKUIK_Chinchao_2019-2020,103,1,potato,Canchan,tubers,1570.03260869565,,TRUE,0,doi_10.21223_MXKUIK,3,TRUE,FALSE,Peru,Chinchao,,,FALSE,,,,,,
MXKUIK_Chinchao_2019-2020,104,1,potato,CIP396036.201,tubers,33512.8543165468,,TRUE,24052.5172661871,doi_10.21223_MXKUIK,4,TRUE,FALSE,Peru,Chinchao,,,FALSE,,,,,,
MXKUIK_Chinchao_2019-2020,105,1,potato,CIP392650.12,tubers,27570.1468309859,,TRUE,24577.2190140845,doi_10.21223_MXKUIK,5,TRUE,FALSE,Peru,Chinchao,,,FALSE,,,,,,
MXKUIK_Chinchao_2019-2020,106,1,potato,CIP391046.14,tubers,8488.01035714286,,TRUE,4321.38535714286,doi_10.21223_MXKUIK,6,TRUE,FALSE,Peru,Chinchao,,,FALSE,,,,,,
MXKUIK_Chinchao_2019-2020,107,1,potato,CIP392617.54,tubers,45063.9938,,TRUE,42397.3538,doi_10.21223_MXKUIK,7,TRUE,FALSE,Peru,Chinchao,,,FALSE,,,,,,
MXKUIK_Chinchao_2019-2020,108,1,potato,Unica,tubers,34010.771,,TRUE,30010.811,doi_10.21223_MXKUIK,8,TRUE,FALSE,Peru,Chinchao,,,FALSE,,,,,,
MXKUIK_Chinchao_2019-2020,109,1,potato,CIP396034.103,tubers,39893.5404545455,,TRUE,33724.180661157,doi_10.21223_MXKUIK,9,TRUE,FALSE,Peru,Chinchao,,,FALSE,,,,,,
MXKUIK_Chinchao_2019-2020,110,1,potato,CIP395123.6,tubers,34967.2878640777,,TRUE,33057.9218446602,doi_10.21223_MXKUIK,10,TRUE,FALSE,Peru,Chinchao,,,FALSE,,,,,,
MXKUIK_Chinchao_2019-2020,111,1,potato,CIP393077.159,tubers,33632.6224719101,,TRUE,25018.4764044944,doi_10.21223_MXKUIK,11,TRUE,FALSE,Peru,Chinchao,,,FALSE,,,,,,
MXKUIK_Chinchao_2019-2020,112,1,potato,CIP391058.175,tubers,25224.74775,,TRUE,16391.50275,doi_10.21223_MXKUIK,12,TRUE,FALSE,Peru,Chinchao,,,FALSE,,,,,,
MXKUIK_Chinchao_2019-2020,201,2,potato,CIP393371.164,tubers,59590.5990566038,,TRUE,46493.245754717,doi_10.21223_MXKUIK,13,TRUE,FALSE,Peru,Chinchao,,,FALSE,,,,,,
MXKUIK_Chinchao_2019-2020,202,2,potato,CIP395123.6,tubers,40244.2458715596,,TRUE,33623.5169724771,doi_10.21223_MXKUIK,14,TRUE,FALSE,Peru,Chinchao,,,FALSE,,,,,,
MXKUIK_Chinchao_2019-2020,203,2,potato,CIP393077.159,tubers,38209.4944444444,,TRUE,33065.512962963,doi_10.21223_MXKUIK,15,TRUE,FALSE,Peru,Chinchao,,,FALSE,,,,,,
MXKUIK_Chinchao_2019-2020,204,2,potato,CIP391058.175,tubers,34556.1060483871,,TRUE,25954.0415322581,doi_10.21223_MXKUIK,16,TRUE,FALSE,Peru,Chinchao,,,FALSE,,,,,,
MXKUIK_Chinchao_2019-2020,205,2,potato,CIP392650.12,tubers,37638.5125,,TRUE,27974.2572916667,doi_10.21223_MXKUIK,17,TRUE,FALSE,Peru,Chinchao,,,FALSE,,,,,,
MXKUIK_Chinchao_2019-2020,206,2,potato,CIP396036.201,tubers,22523.248943662,,TRUE,14835.5323943662,doi_10.21223_MXKUIK,18,TRUE,FALSE,Peru,Chinchao,,,FALSE,,,,,,
MXKUIK_Chinchao_2019-2020,207,2,potato,Canchan,tubers,2799.972,,TRUE,0,doi_10.21223_MXKUIK,19,TRUE,FALSE,Peru,Chinchao,,,FALSE,,,,,,
MXKUIK_Chinchao_2019-2020,208,2,potato,CIP392617.54,tubers,60782.0008695652,,TRUE,53984.9673913044,doi_10.21223_MXKUIK,20,TRUE,FALSE,Peru,Chinchao,,,FALSE,,,,,,
MXKUIK_Chinchao_2019-2020,209,2,potato,Unica,tubers,31355.242,,TRUE,26577.512,doi_10.21223_MXKUIK,21,TRUE,FALSE,Peru,Chinchao,,,FALSE,,,,,,
MXKUIK_Chinchao_2019-2020,210,2,potato,CIP391046.14,tubers,10239.7057553957,,TRUE,6091.06618705036,doi_10.21223_MXKUIK,22,TRUE,FALSE,Peru,Chinchao,,,FALSE,,,,,,
MXKUIK_Chinchao_2019-2020,211,2,potato,CIP396026.101,tubers,35215.4751798561,,TRUE,32613.582733813,doi_10.21223_MXKUIK,23,TRUE,FALSE,Peru,Chinchao,,,FALSE,,,,,,
MXKUIK_Chinchao_2019-2020,212,2,potato,CIP396034.103,tubers,32985.8770344828,,TRUE,27827.3079310345,doi_10.21223_MXKUIK,24,TRUE,FALSE,Peru,Chinchao,,,FALSE,,,,,,
MXKUIK_Chinchao_2019-2020,301,3,potato,CIP393371.164,tubers,43028.7667883212,,TRUE,39014.2083941606,doi_10.21223_MXKUIK,25,TRUE,FALSE,Peru,Chinchao,,,FALSE,,,,,,
MXKUIK_Chinchao_2019-2020,302,3,potato,Canchan,tubers,1907.87565789474,,TRUE,0,doi_10.21223_MXKUIK,26,TRUE,FALSE,Peru,Chinchao,,,FALSE,,,,,,
MXKUIK_Chinchao_2019-2020,303,3,potato,CIP392650.12,tubers,40236.0042553191,,TRUE,33002.0340425532,doi_10.21223_MXKUIK,27,TRUE,FALSE,Peru,Chinchao,,,FALSE,,,,,,
MXKUIK_Chinchao_2019-2020,304,3,potato,CIP392617.54,tubers,51642.5095744681,,TRUE,47375.4127659575,doi_10.21223_MXKUIK,28,TRUE,FALSE,Peru,Chinchao,,,FALSE,,,,,,
MXKUIK_Chinchao_2019-2020,305,3,potato,CIP391058.175,tubers,34784.374375,,TRUE,28252.0322916667,doi_10.21223_MXKUIK,29,TRUE,FALSE,Peru,Chinchao,,,FALSE,,,,,,
MXKUIK_Chinchao_2019-2020,306,3,potato,CIP396034.103,tubers,33120.2361702128,,TRUE,31264.4627659575,doi_10.21223_MXKUIK,30,TRUE,FALSE,Peru,Chinchao,,,FALSE,,,,,,
MXKUIK_Chinchao_2019-2020,307,3,potato,CIP396026.101,tubers,38297.739084507,,TRUE,31924.5633802817,doi_10.21223_MXKUIK,31,TRUE,FALSE,Peru,Chinchao,,,FALSE,,,,,,
MXKUIK_Chinchao_2019-2020,308,3,potato,CIP391046.14,tubers,23511.0430827068,,TRUE,18486.0306766917,doi_10.21223_MXKUIK,32,TRUE,FALSE,Peru,Chinchao,,,FALSE,,,,,,
MXKUIK_Chinchao_2019-2020,309,3,potato,CIP396036.201,tubers,27528.0693877551,,TRUE,22981.6295918367,doi_10.21223_MXKUIK,33,TRUE,FALSE,Peru,Chinchao,,,FALSE,,,,,,
MXKUIK_Chinchao_2019-2020,310,3,potato,CIP395123.6,tubers,41323.1161764706,,TRUE,37172.8308823529,doi_10.21223_MXKUIK,34,TRUE,FALSE,Peru,Chinchao,,,FALSE,,,,,,
MXKUIK_Chinchao_2019-2020,311,3,potato,CIP393077.159,tubers,45684.4746575342,,TRUE,41163.9719178082,doi_10.21223_MXKUIK,35,TRUE,FALSE,Peru,Chinchao,,,FALSE,,,,,,
MXKUIK_Chinchao_2019-2020,312,3,potato,Unica,tubers,35132.982,,TRUE,31121.911,doi_10.21223_MXKUIK,36,TRUE,FALSE,Peru,Chinchao,,,FALSE,,,,,,
MXKUIK_Chugay_2019-2020,101,1,potato,CIP391046.14,tubers,41063.9571724138,,TRUE,30615.7857931035,doi_10.21223_MXKUIK,37,TRUE,FALSE,Peru,Chugay,,,FALSE,,,,,,
MXKUIK_Chugay_2019-2020,102,1,potato,CIP393371.164,tubers,41559.7695833333,,TRUE,33143.1870833333,doi_10.21223_MXKUIK,38,TRUE,FALSE,Peru,Chugay,,,FALSE,,,,,,
MXKUIK_Chugay_2019-2020,103,1,potato,CIP396026.101,tubers,55754.998,,TRUE,51715.0384,doi_10.21223_MXKUIK,39,TRUE,FALSE,Peru,Chugay,,,FALSE,,,,,,
MXKUIK_Chugay_2019-2020,104,1,potato,Unica,tubers,40766.259,,TRUE,33432.999,doi_10.21223_MXKUIK,40,TRUE,FALSE,Peru,Chugay,,,FALSE,,,,,,
MXKUIK_Chugay_2019-2020,105,1,potato,CIP392617.54,tubers,71056.7606896552,,TRUE,69907.3468965517,doi_10.21223_MXKUIK,41,TRUE,FALSE,Peru,Chugay,,,FALSE,,,,,,
MXKUIK_Chugay_2019-2020,106,1,potato,CIP395123.6,tubers,47088.2581294964,,TRUE,43817.3076258993,doi_10.21223_MXKUIK,42,TRUE,FALSE,Peru,Chugay,,,FALSE,,,,,,
MXKUIK_Chugay_2019-2020,107,1,potato,CIP396036.201,tubers,75839.3316891892,,TRUE,71744.7780405405,doi_10.21223_MXKUIK,43,TRUE,FALSE,Peru,Chugay,,,FALSE,,,,,,
MXKUIK_Chugay_2019-2020,108,1,potato,CIP392650.12,tubers,60806.0586,,TRUE,52726.1394,doi_10.21223_MXKUIK,44,TRUE,FALSE,Peru,Chugay,,,FALSE,,,,,,
MXKUIK_Chugay_2019-2020,109,1,potato,CIP391058.175,tubers,34899.651,,TRUE,25808.6308,doi_10.21223_MXKUIK,45,TRUE,FALSE,Peru,Chugay,,,FALSE,,,,,,
MXKUIK_Chugay_2019-2020,110,1,potato,CIP393077.159,tubers,58265.6365771812,,TRUE,48097.9530201342,doi_10.21223_MXKUIK,46,TRUE,FALSE,Peru,Chugay,,,FALSE,,,,,,
MXKUIK_Chugay_2019-2020,111,1,potato,Canchan,tubers,40199.598,,TRUE,33432.999,doi_10.21223_MXKUIK,47,TRUE,FALSE,Peru,Chugay,,,FALSE,,,,,,
MXKUIK_Chugay_2019-2020,112,1,potato,CIP396034.103,tubers,58036.9783098592,,TRUE,46727.2322535211,doi_10.21223_MXKUIK,48,TRUE,FALSE,Peru,Chugay,,,FALSE,,,,,,
MXKUIK_Chugay_2019-2020,201,2,potato,CIP392650.12,tubers,60500.513557047,,TRUE,50332.83,doi_10.21223_MXKUIK,49,TRUE,FALSE,Peru,Chugay,,,FALSE,,,,,,
MXKUIK_Chugay_2019-2020,202,2,potato,CIP391046.14,tubers,25566.8739583333,,TRUE,19990.5408333333,doi_10.21223_MXKUIK,50,TRUE,FALSE,Peru,Chugay,,,FALSE,,,,,,
MXKUIK_Chugay_2019-2020,203,2,potato,CIP391058.175,tubers,39310.4177027027,,TRUE,25797.0393243243,doi_10.21223_MXKUIK,51,TRUE,FALSE,Peru,Chugay,,,FALSE,,,,,,
MXKUIK_Chugay_2019-2020,204,2,potato,CIP395123.6,tubers,44936.0585714286,,TRUE,38752.4469387755,doi_10.21223_MXKUIK,52,TRUE,FALSE,Peru,Chugay,,,FALSE,,,,,,
MXKUIK_Chugay_2019-2020,205,2,potato,Canchan,tubers,40806.2586,,TRUE,34746.3192,doi_10.21223_MXKUIK,53,TRUE,FALSE,Peru,Chugay,,,FALSE,,,,,,
MXKUIK_Chugay_2019-2020,206,2,potato,CIP396026.101,tubers,61925.5552348993,,TRUE,57858.4818120805,doi_10.21223_MXKUIK,54,TRUE,FALSE,Peru,Chugay,,,FALSE,,,,,,
MXKUIK_Chugay_2019-2020,207,2,potato,CIP396036.201,tubers,72891.162972973,,TRUE,71765.0481081081,doi_10.21223_MXKUIK,55,TRUE,FALSE,Peru,Chugay,,,FALSE,,,,,,
MXKUIK_Chugay_2019-2020,208,2,potato,CIP392617.54,tubers,51845.2865306122,,TRUE,48031.2657142857,doi_10.21223_MXKUIK,56,TRUE,FALSE,Peru,Chugay,,,FALSE,,,,,,
MXKUIK_Chugay_2019-2020,209,2,potato,CIP396034.103,tubers,46311.5936170213,,TRUE,40295.1053191489,doi_10.21223_MXKUIK,57,TRUE,FALSE,Peru,Chugay,,,FALSE,,,,,,
MXKUIK_Chugay_2019-2020,210,2,potato,CIP393371.164,tubers,41693.8359310345,,TRUE,36468.6008275862,doi_10.21223_MXKUIK,58,TRUE,FALSE,Peru,Chugay,,,FALSE,,,,,,
MXKUIK_Chugay_2019-2020,211,2,potato,CIP393077.159,tubers,47193.2217567568,,TRUE,31326.2633108108,doi_10.21223_MXKUIK,59,TRUE,FALSE,Peru,Chugay,,,FALSE,,,,,,
MXKUIK_Chugay_2019-2020,212,2,potato,Unica,tubers,47068.4182,,TRUE,38988.499,doi_10.21223_MXKUIK,60,TRUE,FALSE,Peru,Chugay,,,FALSE,,,,,,
MXKUIK_Chugay_2019-2020,301,3,potato,CIP393077.159,tubers,38802.9692805755,,TRUE,32481.6895683453,doi_10.21223_MXKUIK,61,TRUE,FALSE,Peru,Chugay,,,FALSE,,,,,,
MXKUIK_Chugay_2019-2020,302,3,potato,Canchan,tubers,34748.5414,,TRUE,27677.501,doi_10.21223_MXKUIK,62,TRUE,FALSE,Peru,Chugay,,,FALSE,,,,,,
MXKUIK_Chugay_2019-2020,303,3,potato,CIP396036.201,tubers,50435.3930769231,,TRUE,41216.3710489511,doi_10.21223_MXKUIK,63,TRUE,FALSE,Peru,Chugay,,,FALSE,,,,,,
MXKUIK_Chugay_2019-2020,304,3,potato,CIP391046.14,tubers,22058.7363265306,,TRUE,10514.6340816327,doi_10.21223_MXKUIK,64,TRUE,FALSE,Peru,Chugay,,,FALSE,,,,,,
MXKUIK_Chugay_2019-2020,305,3,potato,CIP392650.12,tubers,40643.7377027027,,TRUE,36855.4872972973,doi_10.21223_MXKUIK,65,TRUE,FALSE,Peru,Chugay,,,FALSE,,,,,,
MXKUIK_Chugay_2019-2020,306,3,potato,CIP395123.6,tubers,51889.169352518,,TRUE,41205.8229496403,doi_10.21223_MXKUIK,66,TRUE,FALSE,Peru,Chugay,,,FALSE,,,,,,
MXKUIK_Chugay_2019-2020,307,3,potato,CIP391058.175,tubers,32236.0842553191,,TRUE,30947.6810638298,doi_10.21223_MXKUIK,67,TRUE,FALSE,Peru,Chugay,,,FALSE,,,,,,
MXKUIK_Chugay_2019-2020,308,3,potato,CIP396026.101,tubers,46990.4597959184,,TRUE,41836.3163265306,doi_10.21223_MXKUIK,68,TRUE,FALSE,Peru,Chugay,,,FALSE,,,,,,
MXKUIK_Chugay_2019-2020,309,3,potato,Unica,tubers,47532.858,,TRUE,40461.8176,doi_10.21223_MXKUIK,69,TRUE,FALSE,Peru,Chugay,,,FALSE,,,,,,
MXKUIK_Chugay_2019-2020,310,3,potato,CIP392617.54,tubers,46595.4244520548,,TRUE,42444.7810273973,doi_10.21223_MXKUIK,70,TRUE,FALSE,Peru,Chugay,,,FALSE,,,,,,
MXKUIK_Chugay_2019-2020,311,3,potato,CIP396034.103,tubers,48728.0841428571,,TRUE,44832.885,doi_10.21223_MXKUIK,71,TRUE,FALSE,Peru,Chugay,,,FALSE,,,,,,
MXKUIK_Chugay_2019-2020,312,3,potato,CIP393371.164,tubers,51186.4250675676,,TRUE,44839.6416891892,doi_10.21223_MXKUIK,72,TRUE,FALSE,Peru,Chugay,,,FALSE,,,,,,
MXKUIK_La_Paccha_2019-2020,101,1,potato,CIP391046.14,tubers,27335.3275510204,,TRUE,21995.2448979592,doi_10.21223_MXKUIK,73,TRUE,FALSE,Peru,La Paccha,,,FALSE,,,,,,
MXKUIK_La_Paccha_2019-2020,102,1,potato,CIP392617.54,tubers,25735.3748275862,,TRUE,18896.3627586207,doi_10.21223_MXKUIK,74,TRUE,FALSE,Peru,La Paccha,,,FALSE,,,,,,
MXKUIK_La_Paccha_2019-2020,103,1,potato,CIP396034.103,tubers,35849.9816326531,,TRUE,32958.8540816327,doi_10.21223_MXKUIK,75,TRUE,FALSE,Peru,La Paccha,,,FALSE,,,,,,
MXKUIK_La_Paccha_2019-2020,104,1,potato,CIP395123.6,tubers,40151.1136363636,,TRUE,35536.8347107438,doi_10.21223_MXKUIK,76,TRUE,FALSE,Peru,La Paccha,,,FALSE,,,,,,
MXKUIK_La_Paccha_2019-2020,105,1,potato,CIP393077.159,tubers,39594.5114583333,,TRUE,35427.8864583333,doi_10.21223_MXKUIK,77,TRUE,FALSE,Peru,La Paccha,,,FALSE,,,,,,
MXKUIK_La_Paccha_2019-2020,106,1,potato,CIP396036.201,tubers,34896.2027586207,,TRUE,24390.5606896552,doi_10.21223_MXKUIK,78,TRUE,FALSE,Peru,La Paccha,,,FALSE,,,,,,
MXKUIK_La_Paccha_2019-2020,107,1,potato,Canchan,tubers,34944.095,,TRUE,31499.685,doi_10.21223_MXKUIK,79,TRUE,FALSE,Peru,La Paccha,,,FALSE,,,,,,
MXKUIK_La_Paccha_2019-2020,108,1,potato,CIP391058.175,tubers,39552.7445652174,,TRUE,28429.6673913044,doi_10.21223_MXKUIK,80,TRUE,FALSE,Peru,La Paccha,,,FALSE,,,,,,
MXKUIK_La_Paccha_2019-2020,109,1,potato,CIP396026.101,tubers,33098.1030201342,,TRUE,36107.0214765101,doi_10.21223_MXKUIK,81,TRUE,FALSE,Peru,La Paccha,,,FALSE,,,,,,
MXKUIK_La_Paccha_2019-2020,110,1,potato,CIP393371.164,tubers,41074.4684782609,,TRUE,36581.7597826087,doi_10.21223_MXKUIK,82,TRUE,FALSE,Peru,La Paccha,,,FALSE,,,,,,
MXKUIK_La_Paccha_2019-2020,111,1,potato,CIP392650.12,tubers,27910.5190140845,,TRUE,20927.0207746479,doi_10.21223_MXKUIK,83,TRUE,FALSE,Peru,La Paccha,,,FALSE,,,,,,
MXKUIK_La_Paccha_2019-2020,112,1,potato,Unica,tubers,30877.469,,TRUE,26633.067,doi_10.21223_MXKUIK,84,TRUE,FALSE,Peru,La Paccha,,,FALSE,,,,,,
MXKUIK_La_Paccha_2019-2020,201,2,potato,CIP395123.6,tubers,47197.8751239669,,TRUE,34734.9143553719,doi_10.21223_MXKUIK,85,TRUE,FALSE,Peru,La Paccha,,,FALSE,,,,,,
MXKUIK_La_Paccha_2019-2020,202,2,potato,CIP392617.54,tubers,42785.2864285714,,TRUE,38154.3803571429,doi_10.21223_MXKUIK,86,TRUE,FALSE,Peru,La Paccha,,,FALSE,,,,,,
MXKUIK_La_Paccha_2019-2020,203,2,potato,CIP391046.14,tubers,42741.5817123288,,TRUE,38191.3989041096,doi_10.21223_MXKUIK,87,TRUE,FALSE,Peru,La Paccha,,,FALSE,,,,,,
MXKUIK_La_Paccha_2019-2020,204,2,potato,CIP392650.12,tubers,47505.193877551,,TRUE,36439.5448979592,doi_10.21223_MXKUIK,88,TRUE,FALSE,Peru,La Paccha,,,FALSE,,,,,,
MXKUIK_La_Paccha_2019-2020,205,2,potato,Canchan,tubers,43795.8583333333,,TRUE,30520.528125,doi_10.21223_MXKUIK,89,TRUE,FALSE,Peru,La Paccha,,,FALSE,,,,,,
MXKUIK_La_Paccha_2019-2020,206,2,potato,CIP391058.175,tubers,47040.5923913044,,TRUE,32246.0543478261,doi_10.21223_MXKUIK,90,TRUE,FALSE,Peru,La Paccha,,,FALSE,,,,,,
MXKUIK_La_Paccha_2019-2020,207,2,potato,CIP396026.101,tubers,43210.5990647482,,TRUE,37193.8726618705,doi_10.21223_MXKUIK,91,TRUE,FALSE,Peru,La Paccha,,,FALSE,,,,,,
MXKUIK_La_Paccha_2019-2020,208,2,potato,CIP396034.103,tubers,38822.4555944056,,TRUE,33985.6741258741,doi_10.21223_MXKUIK,92,TRUE,FALSE,Peru,La Paccha,,,FALSE,,,,,,
MXKUIK_La_Paccha_2019-2020,209,2,potato,CIP396036.201,tubers,37532.0320833333,,TRUE,24721.975,doi_10.21223_MXKUIK,93,TRUE,FALSE,Peru,La Paccha,,,FALSE,,,,,,
MXKUIK_La_Paccha_2019-2020,210,2,potato,CIP393077.159,tubers,51233.2839583333,,TRUE,40913.9427083333,doi_10.21223_MXKUIK,94,TRUE,FALSE,Peru,La Paccha,,,FALSE,,,,,,
MXKUIK_La_Paccha_2019-2020,211,2,potato,Unica,tubers,32699.673,,TRUE,30588.583,doi_10.21223_MXKUIK,95,TRUE,FALSE,Peru,La Paccha,,,FALSE,,,,,,
MXKUIK_La_Paccha_2019-2020,212,2,potato,CIP393371.164,tubers,37568.7853061225,,TRUE,33060.893877551,doi_10.21223_MXKUIK,96,TRUE,FALSE,Peru,La Paccha,,,FALSE,,,,,,
MXKUIK_La_Paccha_2019-2020,301,3,potato,Unica,tubers,31666.35,,TRUE,26021.962,doi_10.21223_MXKUIK,97,TRUE,FALSE,Peru,La Paccha,,,FALSE,,,,,,
MXKUIK_La_Paccha_2019-2020,302,3,potato,CIP391046.14,tubers,34687.153125,,TRUE,26921.0270833333,doi_10.21223_MXKUIK,98,TRUE,FALSE,Peru,La Paccha,,,FALSE,,,,,,
MXKUIK_La_Paccha_2019-2020,303,3,potato,CIP396034.103,tubers,40642.9502097902,,TRUE,36505.4624475525,doi_10.21223_MXKUIK,99,TRUE,FALSE,Peru,La Paccha,,,FALSE,,,,,,
MXKUIK_La_Paccha_2019-2020,304,3,potato,CIP395123.6,tubers,49005.1121848739,,TRUE,32310.6012605042,doi_10.21223_MXKUIK,100,TRUE,FALSE,Peru,La Paccha,,,FALSE,,,,,,
MXKUIK_La_Paccha_2019-2020,305,3,potato,CIP396026.101,tubers,42318.9241258741,,TRUE,37458.8328671329,doi_10.21223_MXKUIK,101,TRUE,FALSE,Peru,La Paccha,,,FALSE,,,,,,
MXKUIK_La_Paccha_2019-2020,306,3,potato,CIP392650.12,tubers,50896.0427586207,,TRUE,28183.6262068966,doi_10.21223_MXKUIK,102,TRUE,FALSE,Peru,La Paccha,,,FALSE,,,,,,
MXKUIK_La_Paccha_2019-2020,307,3,potato,CIP393077.159,tubers,59131.353125,,TRUE,50705.5114583333,doi_10.21223_MXKUIK,103,TRUE,FALSE,Peru,La Paccha,,,FALSE,,,,,,
MXKUIK_La_Paccha_2019-2020,308,3,potato,CIP392617.54,tubers,57562.6427586207,,TRUE,46068.5048275862,doi_10.21223_MXKUIK,104,TRUE,FALSE,Peru,La Paccha,,,FALSE,,,,,,
MXKUIK_La_Paccha_2019-2020,309,3,potato,CIP396036.201,tubers,45555.1,,TRUE,35215.0673469388,doi_10.21223_MXKUIK,105,TRUE,FALSE,Peru,La Paccha,,,FALSE,,,,,,
MXKUIK_La_Paccha_2019-2020,310,3,potato,CIP391058.175,tubers,54902.1273722628,,TRUE,43272.0733576642,doi_10.21223_MXKUIK,106,TRUE,FALSE,Peru,La Paccha,,,FALSE,,,,,,
MXKUIK_La_Paccha_2019-2020,311,3,potato,CIP393371.164,tubers,50064.0533450704,,TRUE,39101.7216549296,doi_10.21223_MXKUIK,107,TRUE,FALSE,Peru,La Paccha,,,FALSE,,,,,,
MXKUIK_La_Paccha_2019-2020,312,3,potato,Canchan,tubers,33688.552,,TRUE,30466.362,doi_10.21223_MXKUIK,108,TRUE,FALSE,Peru,La Paccha,,,FALSE,,,,,,
MXKUIK_Majes_2019-2020,101,1,potato,CIP396034.103,tubers,43654.735862069,,TRUE,39286.9634482759,doi_10.21223_MXKUIK,109,TRUE,FALSE,Peru,Majes,,,FALSE,,,,,,
MXKUIK_Majes_2019-2020,102,1,potato,Canchan,tubers,35321.869,,TRUE,29855.257,doi_10.21223_MXKUIK,110,TRUE,FALSE,Peru,Majes,,,FALSE,,,,,,
MXKUIK_Majes_2019-2020,103,1,potato,Unica,tubers,36921.853,,TRUE,35621.866,doi_10.21223_MXKUIK,111,TRUE,FALSE,Peru,Majes,,,FALSE,,,,,,
MXKUIK_Majes_2019-2020,104,1,potato,CIP393371.164,tubers,46606.6767857143,,TRUE,40916.2575,doi_10.21223_MXKUIK,112,TRUE,FALSE,Peru,Majes,,,FALSE,,,,,,
MXKUIK_Majes_2019-2020,105,1,potato,CIP396026.101,tubers,44444,,TRUE,41065.3489795918,doi_10.21223_MXKUIK,113,TRUE,FALSE,Peru,Majes,,,FALSE,,,,,,
MXKUIK_Majes_2019-2020,106,1,potato,CIP392650.12,tubers,18333.15,,TRUE,9942.03020833333,doi_10.21223_MXKUIK,114,TRUE,FALSE,Peru,Majes,,,FALSE,,,,,,
MXKUIK_Majes_2019-2020,107,1,potato,CIP391058.175,tubers,29623.7639097744,,TRUE,22493.5093984962,doi_10.21223_MXKUIK,115,TRUE,FALSE,Peru,Majes,,,FALSE,,,,,,
MXKUIK_Majes_2019-2020,108,1,potato,CIP391046.14,tubers,38644.6974820144,,TRUE,27685.5744604317,doi_10.21223_MXKUIK,116,TRUE,FALSE,Peru,Majes,,,FALSE,,,,,,
MXKUIK_Majes_2019-2020,109,1,potato,CIP396036.201,tubers,49439.894890511,,TRUE,46970.3332116788,doi_10.21223_MXKUIK,117,TRUE,FALSE,Peru,Majes,,,FALSE,,,,,,
MXKUIK_Majes_2019-2020,110,1,potato,CIP392617.54,tubers,49501.8197916667,,TRUE,43031.9770833333,doi_10.21223_MXKUIK,118,TRUE,FALSE,Peru,Majes,,,FALSE,,,,,,
MXKUIK_Majes_2019-2020,111,1,potato,CIP393077.159,tubers,47436.8016129032,,TRUE,42042.5903225807,doi_10.21223_MXKUIK,119,TRUE,FALSE,Peru,Majes,,,FALSE,,,,,,
MXKUIK_Majes_2019-2020,112,1,potato,CIP395123.6,tubers,52178.9653846154,,TRUE,48012.3403846154,doi_10.21223_MXKUIK,120,TRUE,FALSE,Peru,Majes,,,FALSE,,,,,,
MXKUIK_Majes_2019-2020,201,2,potato,Canchan,tubers,38855.167,,TRUE,31055.245,doi_10.21223_MXKUIK,121,TRUE,FALSE,Peru,Majes,,,FALSE,,,,,,
MXKUIK_Majes_2019-2020,202,2,potato,CIP392617.54,tubers,43994.9623448276,,TRUE,39183.5162068966,doi_10.21223_MXKUIK,122,TRUE,FALSE,Peru,Majes,,,FALSE,,,,,,
MXKUIK_Majes_2019-2020,203,2,potato,CIP396026.101,tubers,48553.4360294118,,TRUE,41850.0716911765,doi_10.21223_MXKUIK,123,TRUE,FALSE,Peru,Majes,,,FALSE,,,,,,
MXKUIK_Majes_2019-2020,204,2,potato,CIP391058.175,tubers,36666.3,,TRUE,30770.8365671642,doi_10.21223_MXKUIK,124,TRUE,FALSE,Peru,Majes,,,FALSE,,,,,,
MXKUIK_Majes_2019-2020,205,2,potato,CIP395123.6,tubers,51180.04375,,TRUE,44559.7395833333,doi_10.21223_MXKUIK,125,TRUE,FALSE,Peru,Majes,,,FALSE,,,,,,
MXKUIK_Majes_2019-2020,206,2,potato,CIP396034.103,tubers,41992.3336956522,,TRUE,38646.9565217391,doi_10.21223_MXKUIK,126,TRUE,FALSE,Peru,Majes,,,FALSE,,,,,,
MXKUIK_Majes_2019-2020,207,2,potato,CIP393371.164,tubers,38461.1538461538,,TRUE,35034.6146853147,doi_10.21223_MXKUIK,127,TRUE,FALSE,Peru,Majes,,,FALSE,,,,,,
MXKUIK_Majes_2019-2020,208,2,potato,CIP393077.159,tubers,44982.5433673469,,TRUE,36309.1607142857,doi_10.21223_MXKUIK,128,TRUE,FALSE,Peru,Majes,,,FALSE,,,,,,
MXKUIK_Majes_2019-2020,209,2,potato,CIP396036.201,tubers,43616.585106383,,TRUE,37127.2882978723,doi_10.21223_MXKUIK,129,TRUE,FALSE,Peru,Majes,,,FALSE,,,,,,
MXKUIK_Majes_2019-2020,210,2,potato,Unica,tubers,35561.8666,,TRUE,32917.4486,doi_10.21223_MXKUIK,130,TRUE,FALSE,Peru,Majes,,,FALSE,,,,,,
MXKUIK_Majes_2019-2020,211,2,potato,CIP392650.12,tubers,32323.2777372263,,TRUE,22931.6441605839,doi_10.21223_MXKUIK,131,TRUE,FALSE,Peru,Majes,,,FALSE,,,,,,
MXKUIK_Majes_2019-2020,212,2,potato,CIP391046.14,tubers,38228.784375,,TRUE,21770.615625,doi_10.21223_MXKUIK,132,TRUE,FALSE,Peru,Majes,,,FALSE,,,,,,
MXKUIK_Majes_2019-2020,301,3,potato,CIP391058.175,tubers,31632.7932885906,,TRUE,22583.6667785235,doi_10.21223_MXKUIK,133,TRUE,FALSE,Peru,Majes,,,FALSE,,,,,,
MXKUIK_Majes_2019-2020,302,3,potato,CIP393371.164,tubers,46654.9388513514,,TRUE,42837.4094594595,doi_10.21223_MXKUIK,134,TRUE,FALSE,Peru,Majes,,,FALSE,,,,,,
MXKUIK_Majes_2019-2020,303,3,potato,Canchan,tubers,36832.965,,TRUE,30599.694,doi_10.21223_MXKUIK,135,TRUE,FALSE,Peru,Majes,,,FALSE,,,,,,
MXKUIK_Majes_2019-2020,304,3,potato,CIP391046.14,tubers,35618.6914285714,,TRUE,21702.1639285714,doi_10.21223_MXKUIK,136,TRUE,FALSE,Peru,Majes,,,FALSE,,,,,,
MXKUIK_Majes_2019-2020,305,3,potato,CIP395123.6,tubers,51841.5868421053,,TRUE,41907.4756578947,doi_10.21223_MXKUIK,137,TRUE,FALSE,Peru,Majes,,,FALSE,,,,,,
MXKUIK_Majes_2019-2020,306,3,potato,Unica,tubers,35977.418,,TRUE,33266.334,doi_10.21223_MXKUIK,138,TRUE,FALSE,Peru,Majes,,,FALSE,,,,,,
MXKUIK_Majes_2019-2020,307,3,potato,CIP393077.159,tubers,40771.5221052632,,TRUE,30403.2047368421,doi_10.21223_MXKUIK,139,TRUE,FALSE,Peru,Majes,,,FALSE,,,,,,
MXKUIK_Majes_2019-2020,308,3,potato,CIP392650.12,tubers,35178.2196428571,,TRUE,26975.9207142857,doi_10.21223_MXKUIK,140,TRUE,FALSE,Peru,Majes,,,FALSE,,,,,,
MXKUIK_Majes_2019-2020,309,3,potato,CIP396034.103,tubers,44871.5319565217,,TRUE,40185.5884782609,doi_10.21223_MXKUIK,141,TRUE,FALSE,Peru,Majes,,,FALSE,,,,,,
MXKUIK_Majes_2019-2020,310,3,potato,CIP396036.201,tubers,45273.3567857143,,TRUE,40904.3528571429,doi_10.21223_MXKUIK,142,TRUE,FALSE,Peru,Majes,,,FALSE,,,,,,
MXKUIK_Majes_2019-2020,311,3,potato,CIP392617.54,tubers,50744.1734042553,,TRUE,43734.7872340426,doi_10.21223_MXKUIK,143,TRUE,FALSE,Peru,Majes,,,FALSE,,,,,,
MXKUIK_Majes_2019-2020,312,3,potato,CIP396026.101,tubers,58245.0315789474,,TRUE,52067.1484962406,doi_10.21223_MXKUIK,144,TRUE,FALSE,Peru,Majes,,,FALSE,,,,,,
MXKUIK_Quilcas_2019-2020,101,1,potato,Canchan,tubers,19255.5326335878,,TRUE,15954.0389312977,doi_10.21223_MXKUIK,145,TRUE,FALSE,Peru,Quilcas,,,FALSE,,,,,,
MXKUIK_Quilcas_2019-2020,102,1,potato,CIP395123.6,tubers,49446.4081858407,,TRUE,45906.6205752212,doi_10.21223_MXKUIK,146,TRUE,FALSE,Peru,Quilcas,,,FALSE,,,,,,
MXKUIK_Quilcas_2019-2020,103,1,potato,CIP396036.201,tubers,53321.3845890411,,TRUE,51746.0578767123,doi_10.21223_MXKUIK,147,TRUE,FALSE,Peru,Quilcas,,,FALSE,,,,,,
MXKUIK_Quilcas_2019-2020,104,1,potato,CIP392650.12,tubers,37832.955,,TRUE,33541.33125,doi_10.21223_MXKUIK,148,TRUE,FALSE,Peru,Quilcas,,,FALSE,,,,,,
MXKUIK_Quilcas_2019-2020,105,1,potato,CIP391046.14,tubers,35999.64,,TRUE,34266.324,doi_10.21223_MXKUIK,149,TRUE,FALSE,Peru,Quilcas,,,FALSE,,,,,,
MXKUIK_Quilcas_2019-2020,106,1,potato,CIP392617.54,tubers,50471.5232517482,,TRUE,47569.4543706294,doi_10.21223_MXKUIK,150,TRUE,FALSE,Peru,Quilcas,,,FALSE,,,,,,
MXKUIK_Quilcas_2019-2020,107,1,potato,CIP393371.164,tubers,45566.211,,TRUE,43599.564,doi_10.21223_MXKUIK,151,TRUE,FALSE,Peru,Quilcas,,,FALSE,,,,,,
MXKUIK_Quilcas_2019-2020,108,1,potato,Unica,tubers,33510.776,,TRUE,32710.784,doi_10.21223_MXKUIK,152,TRUE,FALSE,Peru,Quilcas,,,FALSE,,,,,,
MXKUIK_Quilcas_2019-2020,109,1,potato,CIP396026.101,tubers,41013.1701111111,,TRUE,39328.0017777778,doi_10.21223_MXKUIK,153,TRUE,FALSE,Peru,Quilcas,,,FALSE,,,,,,
MXKUIK_Quilcas_2019-2020,110,1,potato,CIP393077.159,tubers,41905.5215346535,,TRUE,38167.9351485149,doi_10.21223_MXKUIK,154,TRUE,FALSE,Peru,Quilcas,,,FALSE,,,,,,
MXKUIK_Quilcas_2019-2020,111,1,potato,CIP391058.175,tubers,35458.8290816327,,TRUE,33086.4038265306,doi_10.21223_MXKUIK,155,TRUE,FALSE,Peru,Quilcas,,,FALSE,,,,,,
MXKUIK_Quilcas_2019-2020,112,1,potato,CIP396034.103,tubers,35676.3099,,TRUE,33526.3314,doi_10.21223_MXKUIK,156,TRUE,FALSE,Peru,Quilcas,,,FALSE,,,,,,
MXKUIK_Quilcas_2019-2020,201,2,potato,CIP392617.54,tubers,32499.675,,TRUE,28129.4896946565,doi_10.21223_MXKUIK,157,TRUE,FALSE,Peru,Quilcas,,,FALSE,,,,,,
MXKUIK_Quilcas_2019-2020,202,2,potato,CIP396026.101,tubers,38064.6878424658,,TRUE,36711.9616438356,doi_10.21223_MXKUIK,158,TRUE,FALSE,Peru,Quilcas,,,FALSE,,,,,,
MXKUIK_Quilcas_2019-2020,203,2,potato,CIP391058.175,tubers,38749.6125,,TRUE,33895.494375,doi_10.21223_MXKUIK,159,TRUE,FALSE,Peru,Quilcas,,,FALSE,,,,,,
MXKUIK_Quilcas_2019-2020,204,2,potato,CIP391046.14,tubers,34708.5570205479,,TRUE,29040.8054794521,doi_10.21223_MXKUIK,160,TRUE,FALSE,Peru,Quilcas,,,FALSE,,,,,,
MXKUIK_Quilcas_2019-2020,205,2,potato,CIP396034.103,tubers,37377.404,,TRUE,34527.4325,doi_10.21223_MXKUIK,161,TRUE,FALSE,Peru,Quilcas,,,FALSE,,,,,,
MXKUIK_Quilcas_2019-2020,206,2,potato,CIP396036.201,tubers,50136.4849315069,,TRUE,49246.0828767123,doi_10.21223_MXKUIK,162,TRUE,FALSE,Peru,Quilcas,,,FALSE,,,,,,
MXKUIK_Quilcas_2019-2020,207,2,potato,CIP393371.164,tubers,50199.498,,TRUE,48716.1795,doi_10.21223_MXKUIK,163,TRUE,FALSE,Peru,Quilcas,,,FALSE,,,,,,
MXKUIK_Quilcas_2019-2020,208,2,potato,CIP392650.12,tubers,36158.3685714286,,TRUE,33110.78,doi_10.21223_MXKUIK,164,TRUE,FALSE,Peru,Quilcas,,,FALSE,,,,,,
MXKUIK_Quilcas_2019-2020,209,2,potato,CIP393077.159,tubers,43490.9443965517,,TRUE,40085.8060344828,doi_10.21223_MXKUIK,165,TRUE,FALSE,Peru,Quilcas,,,FALSE,,,,,,
MXKUIK_Quilcas_2019-2020,210,2,potato,Canchan,tubers,20149.7985,,TRUE,17933.154,doi_10.21223_MXKUIK,166,TRUE,FALSE,Peru,Quilcas,,,FALSE,,,,,,
MXKUIK_Quilcas_2019-2020,211,2,potato,CIP395123.6,tubers,45314.3616666667,,TRUE,42406.9833333333,doi_10.21223_MXKUIK,167,TRUE,FALSE,Peru,Quilcas,,,FALSE,,,,,,
MXKUIK_Quilcas_2019-2020,212,2,potato,Unica,tubers,34699.653,,TRUE,32383.0095,doi_10.21223_MXKUIK,168,TRUE,FALSE,Peru,Quilcas,,,FALSE,,,,,,
MXKUIK_Quilcas_2019-2020,301,3,potato,Canchan,tubers,20611.304676259,,TRUE,18093.3442446043,doi_10.21223_MXKUIK,169,TRUE,FALSE,Peru,Quilcas,,,FALSE,,,,,,
MXKUIK_Quilcas_2019-2020,302,3,potato,CIP396026.101,tubers,41222.609352518,,TRUE,38722.634352518,doi_10.21223_MXKUIK,170,TRUE,FALSE,Peru,Quilcas,,,FALSE,,,,,,
MXKUIK_Quilcas_2019-2020,303,3,potato,CIP392617.54,tubers,47055.085,,TRUE,43944.005,doi_10.21223_MXKUIK,171,TRUE,FALSE,Peru,Quilcas,,,FALSE,,,,,,
MXKUIK_Quilcas_2019-2020,304,3,potato,CIP392650.12,tubers,27316.8,,TRUE,25182.675,doi_10.21223_MXKUIK,172,TRUE,FALSE,Peru,Quilcas,,,FALSE,,,,,,
MXKUIK_Quilcas_2019-2020,305,3,potato,CIP393077.159,tubers,47118.5764285714,,TRUE,43951.9414285714,doi_10.21223_MXKUIK,173,TRUE,FALSE,Peru,Quilcas,,,FALSE,,,,,,
MXKUIK_Quilcas_2019-2020,306,3,potato,CIP391058.175,tubers,41615.9631465517,,TRUE,38641.8549568966,doi_10.21223_MXKUIK,174,TRUE,FALSE,Peru,Quilcas,,,FALSE,,,,,,
MXKUIK_Quilcas_2019-2020,307,3,potato,CIP396036.201,tubers,49666.17,,TRUE,46299.537,doi_10.21223_MXKUIK,175,TRUE,FALSE,Peru,Quilcas,,,FALSE,,,,,,
MXKUIK_Quilcas_2019-2020,308,3,potato,CIP396034.103,tubers,36149.6385,,TRUE,32083.0125,doi_10.21223_MXKUIK,176,TRUE,FALSE,Peru,Quilcas,,,FALSE,,,,,,
MXKUIK_Quilcas_2019-2020,309,3,potato,CIP393371.164,tubers,56799.432,,TRUE,54499.455,doi_10.21223_MXKUIK,177,TRUE,FALSE,Peru,Quilcas,,,FALSE,,,,,,
MXKUIK_Quilcas_2019-2020,310,3,potato,CIP395123.6,tubers,48964.3541015625,,TRUE,46874.53125,doi_10.21223_MXKUIK,178,TRUE,FALSE,Peru,Quilcas,,,FALSE,,,,,,
MXKUIK_Quilcas_2019-2020,311,3,potato,CIP391046.14,tubers,38944.055,,TRUE,35888.53,doi_10.21223_MXKUIK,179,TRUE,FALSE,Peru,Quilcas,,,FALSE,,,,,,
MXKUIK_Quilcas_2019-2020,312,3,potato,Unica,tubers,22833.105,,TRUE,21133.122,doi_10.21223_MXKUIK,180,TRUE,FALSE,Peru,Quilcas,,,FALSE,,,,,,
MXKUIK_Santa_Rita_2019-2020,101,1,potato,CIP396034.103,tubers,45640.5692307692,,TRUE,41025.2307692308,doi_10.21223_MXKUIK,181,TRUE,FALSE,Peru,Santa Rita,,,FALSE,,,,,,
MXKUIK_Santa_Rita_2019-2020,102,1,potato,Canchan,tubers,35955.196,,TRUE,31221.91,doi_10.21223_MXKUIK,182,TRUE,FALSE,Peru,Santa Rita,,,FALSE,,,,,,
MXKUIK_Santa_Rita_2019-2020,103,1,potato,Unica,tubers,32477.453,,TRUE,31177.466,doi_10.21223_MXKUIK,183,TRUE,FALSE,Peru,Santa Rita,,,FALSE,,,,,,
MXKUIK_Santa_Rita_2019-2020,104,1,potato,CIP393371.164,tubers,45904.3028571429,,TRUE,40951.9714285714,doi_10.21223_MXKUIK,184,TRUE,FALSE,Peru,Santa Rita,,,FALSE,,,,,,
MXKUIK_Santa_Rita_2019-2020,105,1,potato,CIP396026.101,tubers,43468.9530612245,,TRUE,40090.3020408163,doi_10.21223_MXKUIK,185,TRUE,FALSE,Peru,Santa Rita,,,FALSE,,,,,,
MXKUIK_Santa_Rita_2019-2020,106,1,potato,CIP392650.12,tubers,16643.3520833333,,TRUE,10416.5625,doi_10.21223_MXKUIK,186,TRUE,FALSE,Peru,Santa Rita,,,FALSE,,,,,,
MXKUIK_Santa_Rita_2019-2020,107,1,potato,CIP391058.175,tubers,29686.419924812,,TRUE,22556.1654135338,doi_10.21223_MXKUIK,187,TRUE,FALSE,Peru,Santa Rita,,,FALSE,,,,,,
MXKUIK_Santa_Rita_2019-2020,108,1,potato,CIP391046.14,tubers,38644.6974820144,,TRUE,27685.5744604317,doi_10.21223_MXKUIK,188,TRUE,FALSE,Peru,Santa Rita,,,FALSE,,,,,,
MXKUIK_Santa_Rita_2019-2020,109,1,potato,CIP396036.201,tubers,49634.5401459854,,TRUE,47201.4744525547,doi_10.21223_MXKUIK,189,TRUE,FALSE,Peru,Santa Rita,,,FALSE,,,,,,
MXKUIK_Santa_Rita_2019-2020,110,1,potato,CIP392617.54,tubers,48124.51875,,TRUE,42129.2083333333,doi_10.21223_MXKUIK,190,TRUE,FALSE,Peru,Santa Rita,,,FALSE,,,,,,
MXKUIK_Santa_Rita_2019-2020,111,1,potato,CIP393077.159,tubers,46863.3306451613,,TRUE,41469.1193548387,doi_10.21223_MXKUIK,191,TRUE,FALSE,Peru,Santa Rita,,,FALSE,,,,,,
MXKUIK_Santa_Rita_2019-2020,112,1,potato,CIP395123.6,tubers,52178.9653846154,,TRUE,48012.3403846154,doi_10.21223_MXKUIK,192,TRUE,FALSE,Peru,Santa Rita,,,FALSE,,,,,,
MXKUIK_Santa_Rita_2019-2020,201,2,potato,Canchan,tubers,38555.17,,TRUE,31221.91,doi_10.21223_MXKUIK,193,TRUE,FALSE,Peru,Santa Rita,,,FALSE,,,,,,
MXKUIK_Santa_Rita_2019-2020,202,2,potato,CIP392617.54,tubers,41707.6288965517,,TRUE,36896.1827586207,doi_10.21223_MXKUIK,194,TRUE,FALSE,Peru,Santa Rita,,,FALSE,,,,,,
MXKUIK_Santa_Rita_2019-2020,203,2,potato,CIP396026.101,tubers,46972.5694852941,,TRUE,40269.2051470588,doi_10.21223_MXKUIK,195,TRUE,FALSE,Peru,Santa Rita,,,FALSE,,,,,,
MXKUIK_Santa_Rita_2019-2020,204,2,potato,CIP391058.175,tubers,36467.2970149254,,TRUE,30770.8365671642,doi_10.21223_MXKUIK,196,TRUE,FALSE,Peru,Santa Rita,,,FALSE,,,,,,
MXKUIK_Santa_Rita_2019-2020,205,2,potato,CIP395123.6,tubers,36127.0897058824,,TRUE,31453.9338235294,doi_10.21223_MXKUIK,197,TRUE,FALSE,Peru,Santa Rita,,,FALSE,,,,,,
MXKUIK_Santa_Rita_2019-2020,206,2,potato,CIP396034.103,tubers,39576.8989130435,,TRUE,36231.5217391304,doi_10.21223_MXKUIK,198,TRUE,FALSE,Peru,Santa Rita,,,FALSE,,,,,,
MXKUIK_Santa_Rita_2019-2020,207,2,potato,CIP393371.164,tubers,38461.1538461538,,TRUE,35034.6146853147,doi_10.21223_MXKUIK,199,TRUE,FALSE,Peru,Santa Rita,,,FALSE,,,,,,
MXKUIK_Santa_Rita_2019-2020,208,2,potato,CIP393077.159,tubers,44642.4107142857,,TRUE,35969.0280612245,doi_10.21223_MXKUIK,200,TRUE,FALSE,Peru,Santa Rita,,,FALSE,,,,,,
MXKUIK_Santa_Rita_2019-2020,209,2,potato,CIP396036.201,tubers,43616.585106383,,TRUE,37127.2882978723,doi_10.21223_MXKUIK,201,TRUE,FALSE,Peru,Santa Rita,,,FALSE,,,,,,
MXKUIK_Santa_Rita_2019-2020,210,2,potato,Unica,tubers,34895.2066,,TRUE,32250.7886,doi_10.21223_MXKUIK,202,TRUE,FALSE,Peru,Santa Rita,,,FALSE,,,,,,
MXKUIK_Santa_Rita_2019-2020,211,2,potato,CIP392650.12,tubers,31082.4142335766,,TRUE,22931.6441605839,doi_10.21223_MXKUIK,203,TRUE,FALSE,Peru,Santa Rita,,,FALSE,,,,,,
MXKUIK_Santa_Rita_2019-2020,212,2,potato,CIP391046.14,tubers,36562.134375,,TRUE,22317.48515625,doi_10.21223_MXKUIK,204,TRUE,FALSE,Peru,Santa Rita,,,FALSE,,,,,,
MXKUIK_Santa_Rita_2019-2020,301,3,potato,CIP391058.175,tubers,31129.4426174497,,TRUE,22080.3161073826,doi_10.21223_MXKUIK,205,TRUE,FALSE,Peru,Santa Rita,,,FALSE,,,,,,
MXKUIK_Santa_Rita_2019-2020,302,3,potato,CIP393371.164,tubers,42105.4347972973,,TRUE,38287.9054054054,doi_10.21223_MXKUIK,206,TRUE,FALSE,Peru,Santa Rita,,,FALSE,,,,,,
MXKUIK_Santa_Rita_2019-2020,303,3,potato,Canchan,tubers,34610.765,,TRUE,28377.494,doi_10.21223_MXKUIK,207,TRUE,FALSE,Peru,Santa Rita,,,FALSE,,,,,,
MXKUIK_Santa_Rita_2019-2020,304,3,potato,CIP391046.14,tubers,33190.1442857143,,TRUE,21702.1639285714,doi_10.21223_MXKUIK,208,TRUE,FALSE,Peru,Santa Rita,,,FALSE,,,,,,
MXKUIK_Santa_Rita_2019-2020,305,3,potato,CIP395123.6,tubers,51841.5868421053,,TRUE,41907.4756578947,doi_10.21223_MXKUIK,209,TRUE,FALSE,Peru,Santa Rita,,,FALSE,,,,,,
MXKUIK_Santa_Rita_2019-2020,306,3,potato,Unica,tubers,33510.776,,TRUE,30799.692,doi_10.21223_MXKUIK,210,TRUE,FALSE,Peru,Santa Rita,,,FALSE,,,,,,
MXKUIK_Santa_Rita_2019-2020,307,3,potato,CIP393077.159,tubers,40771.5221052632,,TRUE,30403.2047368421,doi_10.21223_MXKUIK,211,TRUE,FALSE,Peru,Santa Rita,,,FALSE,,,,,,
MXKUIK_Santa_Rita_2019-2020,308,3,potato,CIP392650.12,tubers,31118.7364285714,,TRUE,26975.9207142857,doi_10.21223_MXKUIK,212,TRUE,FALSE,Peru,Santa Rita,,,FALSE,,,,,,
MXKUIK_Santa_Rita_2019-2020,309,3,potato,CIP396034.103,tubers,44871.5319565217,,TRUE,40185.5884782609,doi_10.21223_MXKUIK,213,TRUE,FALSE,Peru,Santa Rita,,,FALSE,,,,,,
MXKUIK_Santa_Rita_2019-2020,310,3,potato,CIP396036.201,tubers,45273.3567857143,,TRUE,40904.3528571429,doi_10.21223_MXKUIK,214,TRUE,FALSE,Peru,Santa Rita,,,FALSE,,,,,,
MXKUIK_Santa_Rita_2019-2020,311,3,potato,CIP392617.54,tubers,49810.3765957447,,TRUE,43734.7872340426,doi_10.21223_MXKUIK,215,TRUE,FALSE,Peru,Santa Rita,,,FALSE,,,,,,
MXKUIK_Santa_Rita_2019-2020,312,3,potato,CIP396026.101,tubers,58520.7180451128,,TRUE,52631.052631579,doi_10.21223_MXKUIK,216,TRUE,FALSE,Peru,Santa Rita,,,FALSE,,,,,,
MXKUIK_Chinchao_2020-2021,101,1,potato,Unica,tubers,22056.5170212766,,TRUE,19692.4744680851,doi_10.21223_MXKUIK,217,TRUE,FALSE,Peru,Chinchao,,,FALSE,,,,,,
MXKUIK_Chinchao_2020-2021,102,1,potato,CIP393371.164,tubers,27475.9157142857,,TRUE,21999.78,doi_10.21223_MXKUIK,218,TRUE,FALSE,Peru,Chinchao,,,FALSE,,,,,,
MXKUIK_Chinchao_2020-2021,103,1,potato,CIP395123.6,tubers,32107.5220588235,,TRUE,28431.0882352941,doi_10.21223_MXKUIK,219,TRUE,FALSE,Peru,Chinchao,,,FALSE,,,,,,
MXKUIK_Chinchao_2020-2021,104,1,potato,Canchan,tubers,15502.4904761905,,TRUE,13650.6571428571,doi_10.21223_MXKUIK,220,TRUE,FALSE,Peru,Chinchao,,,FALSE,,,,,,
MXKUIK_Chinchao_2020-2021,105,1,potato,CIP391058.175,tubers,27254.6294117647,,TRUE,21699.1294117647,doi_10.21223_MXKUIK,221,TRUE,FALSE,Peru,Chinchao,,,FALSE,,,,,,
MXKUIK_Chinchao_2020-2021,106,1,potato,CIP392650.12,tubers,25777.52,,TRUE,19666.47,doi_10.21223_MXKUIK,222,TRUE,FALSE,Peru,Chinchao,,,FALSE,,,,,,
MXKUIK_Chinchao_2020-2021,107,1,potato,CIP396036.201,tubers,25777.52,,TRUE,20888.68,doi_10.21223_MXKUIK,223,TRUE,FALSE,Peru,Chinchao,,,FALSE,,,,,,
MXKUIK_Chinchao_2020-2021,108,1,potato,CIP393077.159,tubers,33758.5276595745,,TRUE,25247.9744680851,doi_10.21223_MXKUIK,224,TRUE,FALSE,Peru,Chinchao,,,FALSE,,,,,,
MXKUIK_Chinchao_2020-2021,109,1,potato,CIP396026.101,tubers,34931.1575342466,,TRUE,29908.3767123288,doi_10.21223_MXKUIK,225,TRUE,FALSE,Peru,Chinchao,,,FALSE,,,,,,
MXKUIK_Chinchao_2020-2021,110,1,potato,CIP396034.103,tubers,31936.6175675676,,TRUE,26576.3108108108,doi_10.21223_MXKUIK,226,TRUE,FALSE,Peru,Chinchao,,,FALSE,,,,,,
MXKUIK_Chinchao_2020-2021,201,2,potato,CIP393371.164,tubers,32556.7520547945,,TRUE,22739.498630137,doi_10.21223_MXKUIK,227,TRUE,FALSE,Peru,Chinchao,,,FALSE,,,,,,
MXKUIK_Chinchao_2020-2021,202,2,potato,CIP392650.12,tubers,20616.2321917808,,TRUE,11438.2417808219,doi_10.21223_MXKUIK,228,TRUE,FALSE,Peru,Chinchao,,,FALSE,,,,,,
MXKUIK_Chinchao_2020-2021,203,2,potato,CIP396026.101,tubers,34265.3916083916,,TRUE,32726.9454545455,doi_10.21223_MXKUIK,229,TRUE,FALSE,Peru,Chinchao,,,FALSE,,,,,,
MXKUIK_Chinchao_2020-2021,204,2,potato,CIP395123.6,tubers,43511.0152671756,,TRUE,37658.6564885496,doi_10.21223_MXKUIK,230,TRUE,FALSE,Peru,Chinchao,,,FALSE,,,,,,
MXKUIK_Chinchao_2020-2021,205,2,potato,CIP396034.103,tubers,33968.3404026846,,TRUE,24169.7806711409,doi_10.21223_MXKUIK,231,TRUE,FALSE,Peru,Chinchao,,,FALSE,,,,,,
MXKUIK_Chinchao_2020-2021,206,2,potato,Unica,tubers,31652.46125,,TRUE,21837.7445833333,doi_10.21223_MXKUIK,232,TRUE,FALSE,Peru,Chinchao,,,FALSE,,,,,,
MXKUIK_Chinchao_2020-2021,207,2,potato,CIP393077.159,tubers,27428.2971428571,,TRUE,20618.8414285714,doi_10.21223_MXKUIK,233,TRUE,FALSE,Peru,Chinchao,,,FALSE,,,,,,
MXKUIK_Chinchao_2020-2021,208,2,potato,Canchan,tubers,21354.8,,TRUE,16476.8,doi_10.21223_MXKUIK,234,TRUE,FALSE,Peru,Chinchao,,,FALSE,,,,,,
MXKUIK_Chinchao_2020-2021,209,2,potato,CIP396036.201,tubers,22185.5704918033,,TRUE,19070.8475409836,doi_10.21223_MXKUIK,235,TRUE,FALSE,Peru,Chinchao,,,FALSE,,,,,,
MXKUIK_Chinchao_2020-2021,210,2,potato,CIP391058.175,tubers,32286.2268421053,,TRUE,24859.4005263158,doi_10.21223_MXKUIK,236,TRUE,FALSE,Peru,Chinchao,,,FALSE,,,,,,
MXKUIK_Chinchao_2020-2021,301,3,potato,CIP393077.159,tubers,21386.4528,,TRUE,12693.2064,doi_10.21223_MXKUIK,237,TRUE,FALSE,Peru,Chinchao,,,FALSE,,,,,,
MXKUIK_Chinchao_2020-2021,302,3,potato,CIP391058.175,tubers,32622.6245901639,,TRUE,22950.5901639344,doi_10.21223_MXKUIK,238,TRUE,FALSE,Peru,Chinchao,,,FALSE,,,,,,
MXKUIK_Chinchao_2020-2021,303,3,potato,CIP392650.12,tubers,28346.1732283465,,TRUE,16482.7748031496,doi_10.21223_MXKUIK,239,TRUE,FALSE,Peru,Chinchao,,,FALSE,,,,,,
MXKUIK_Chinchao_2020-2021,304,3,potato,CIP393371.164,tubers,16066.9856115108,,TRUE,11990.2877697842,doi_10.21223_MXKUIK,240,TRUE,FALSE,Peru,Chinchao,,,FALSE,,,,,,
MXKUIK_Chinchao_2020-2021,305,3,potato,CIP395123.6,tubers,40211.2380952381,,TRUE,37036.6666666667,doi_10.21223_MXKUIK,241,TRUE,FALSE,Peru,Chinchao,,,FALSE,,,,,,
MXKUIK_Chinchao_2020-2021,306,3,potato,CIP396036.201,tubers,29709.847826087,,TRUE,20241.3434782609,doi_10.21223_MXKUIK,242,TRUE,FALSE,Peru,Chinchao,,,FALSE,,,,,,
MXKUIK_Chinchao_2020-2021,307,3,potato,CIP396034.103,tubers,27093.0624,,TRUE,21439.7856,doi_10.21223_MXKUIK,243,TRUE,FALSE,Peru,Chinchao,,,FALSE,,,,,,
MXKUIK_Chinchao_2020-2021,308,3,potato,Unica,tubers,19905.2382978723,,TRUE,16170.0510638298,doi_10.21223_MXKUIK,244,TRUE,FALSE,Peru,Chinchao,,,FALSE,,,,,,
MXKUIK_Chinchao_2020-2021,309,3,potato,Canchan,tubers,24253.7257142857,,TRUE,17587.1257142857,doi_10.21223_MXKUIK,245,TRUE,FALSE,Peru,Chinchao,,,FALSE,,,,,,
MXKUIK_Chinchao_2020-2021,310,3,potato,CIP396026.101,tubers,33333,,TRUE,27028.1534883721,doi_10.21223_MXKUIK,246,TRUE,FALSE,Peru,Chinchao,,,FALSE,,,,,,
MXKUIK_Chugay_2020-2021,101,1,potato,CIP396036.201,tubers,36952.4924242425,,TRUE,34406.2215909092,doi_10.21223_MXKUIK,247,TRUE,FALSE,Peru,Chugay,,,FALSE,,,,,,
MXKUIK_Chugay_2020-2021,102,1,potato,CIP392650.12,tubers,31201.4314445836,,TRUE,27548.4999377343,doi_10.21223_MXKUIK,248,TRUE,FALSE,Peru,Chugay,,,FALSE,,,,,,
MXKUIK_Chugay_2020-2021,103,1,potato,CIP396026.101,tubers,44620.2574740694,,TRUE,40146.02928615,doi_10.21223_MXKUIK,249,TRUE,FALSE,Peru,Chugay,,,FALSE,,,,,,
MXKUIK_Chugay_2020-2021,104,1,potato,CIP393371.164,tubers,36279.0984848569,,TRUE,34869.1799242509,doi_10.21223_MXKUIK,250,TRUE,FALSE,Peru,Chugay,,,FALSE,,,,,,
MXKUIK_Chugay_2020-2021,105,1,potato,CIP396034.103,tubers,28434.543381071,,TRUE,23764.6025342466,doi_10.21223_MXKUIK,251,TRUE,FALSE,Peru,Chugay,,,FALSE,,,,,,
MXKUIK_Chugay_2020-2021,106,1,potato,CIP395123.6,tubers,31963.1506849315,,TRUE,28123.4215442092,doi_10.21223_MXKUIK,252,TRUE,FALSE,Peru,Chugay,,,FALSE,,,,,,
MXKUIK_Chugay_2020-2021,107,1,potato,CIP393077.159,tubers,35511.0085227274,,TRUE,28829.6780303031,doi_10.21223_MXKUIK,253,TRUE,FALSE,Peru,Chugay,,,FALSE,,,,,,
MXKUIK_Chugay_2020-2021,108,1,potato,Canchan,tubers,35011.934889435,,TRUE,28767.1160933662,doi_10.21223_MXKUIK,254,TRUE,FALSE,Peru,Chugay,,,FALSE,,,,,,
MXKUIK_Chugay_2020-2021,109,1,potato,Unica,tubers,27676.2888909091,,TRUE,23130.8798,doi_10.21223_MXKUIK,255,TRUE,FALSE,Peru,Chugay,,,FALSE,,,,,,
MXKUIK_Chugay_2020-2021,110,1,potato,CIP391058.175,tubers,32600.8535692576,,TRUE,31421.284319707,doi_10.21223_MXKUIK,256,TRUE,FALSE,Peru,Chugay,,,FALSE,,,,,,
MXKUIK_Chugay_2020-2021,201,2,potato,CIP396034.103,tubers,34207.5082367298,,TRUE,32580.5161683954,doi_10.21223_MXKUIK,257,TRUE,FALSE,Peru,Chugay,,,FALSE,,,,,,
MXKUIK_Chugay_2020-2021,202,2,potato,CIP395123.6,tubers,32490.8367045455,,TRUE,28282.1245833333,doi_10.21223_MXKUIK,258,TRUE,FALSE,Peru,Chugay,,,FALSE,,,,,,
MXKUIK_Chugay_2020-2021,203,2,potato,CIP393077.159,tubers,26658.2100737182,,TRUE,24365.0307125307,doi_10.21223_MXKUIK,259,TRUE,FALSE,Peru,Chugay,,,FALSE,,,,,,
MXKUIK_Chugay_2020-2021,204,2,potato,CIP391058.175,tubers,31232.010909091,,TRUE,29696.6727272728,doi_10.21223_MXKUIK,260,TRUE,FALSE,Peru,Chugay,,,FALSE,,,,,,
MXKUIK_Chugay_2020-2021,205,2,potato,CIP393371.164,tubers,39682.1428571429,,TRUE,36486.9573283859,doi_10.21223_MXKUIK,261,TRUE,FALSE,Peru,Chugay,,,FALSE,,,,,,
MXKUIK_Chugay_2020-2021,206,2,potato,Canchan,tubers,33935.3185927771,,TRUE,27812.507260274,doi_10.21223_MXKUIK,262,TRUE,FALSE,Peru,Chugay,,,FALSE,,,,,,
MXKUIK_Chugay_2020-2021,207,2,potato,CIP396036.201,tubers,37776.0350122851,,TRUE,35728.5534398035,doi_10.21223_MXKUIK,263,TRUE,FALSE,Peru,Chugay,,,FALSE,,,,,,
MXKUIK_Chugay_2020-2021,208,2,potato,CIP392650.12,tubers,27600.0515970515,,TRUE,25552.5700245699,doi_10.21223_MXKUIK,264,TRUE,FALSE,Peru,Chugay,,,FALSE,,,,,,
MXKUIK_Chugay_2020-2021,209,2,potato,CIP396026.101,tubers,40101.0131272727,,TRUE,38181.8404,doi_10.21223_MXKUIK,265,TRUE,FALSE,Peru,Chugay,,,FALSE,,,,,,
MXKUIK_Chugay_2020-2021,210,2,potato,Unica,tubers,29416.3209647495,,TRUE,23397.0037105751,doi_10.21223_MXKUIK,266,TRUE,FALSE,Peru,Chugay,,,FALSE,,,,,,
MXKUIK_Chugay_2020-2021,301,3,potato,CIP392650.12,tubers,24545.2090909091,,TRUE,19494.7545454545,doi_10.21223_MXKUIK,267,TRUE,FALSE,Peru,Chugay,,,FALSE,,,,,,
MXKUIK_Chugay_2020-2021,302,3,potato,CIP391058.175,tubers,25252.2727272726,,TRUE,23912.3562152133,doi_10.21223_MXKUIK,268,TRUE,FALSE,Peru,Chugay,,,FALSE,,,,,,
MXKUIK_Chugay_2020-2021,303,3,potato,CIP395123.6,tubers,35512.7208343711,,TRUE,30095.5894520548,doi_10.21223_MXKUIK,269,TRUE,FALSE,Peru,Chugay,,,FALSE,,,,,,
MXKUIK_Chugay_2020-2021,304,3,potato,Canchan,tubers,34398.9304417499,,TRUE,28274.3651408451,doi_10.21223_MXKUIK,270,TRUE,FALSE,Peru,Chugay,,,FALSE,,,,,,
MXKUIK_Chugay_2020-2021,305,3,potato,CIP396036.201,tubers,34557.7698194272,,TRUE,33312.452260274,doi_10.21223_MXKUIK,271,TRUE,FALSE,Peru,Chugay,,,FALSE,,,,,,
MXKUIK_Chugay_2020-2021,306,3,potato,Unica,tubers,29119.6755915318,,TRUE,25072.393524284,doi_10.21223_MXKUIK,272,TRUE,FALSE,Peru,Chugay,,,FALSE,,,,,,
MXKUIK_Chugay_2020-2021,307,3,potato,CIP396026.101,tubers,41532.378362391,,TRUE,38937.9667808219,doi_10.21223_MXKUIK,273,TRUE,FALSE,Peru,Chugay,,,FALSE,,,,,,
MXKUIK_Chugay_2020-2021,308,3,potato,CIP396034.103,tubers,34837.9676632091,,TRUE,32194.1055521658,doi_10.21223_MXKUIK,274,TRUE,FALSE,Peru,Chugay,,,FALSE,,,,,,
MXKUIK_Chugay_2020-2021,309,3,potato,CIP393371.164,tubers,48304.1852579852,,TRUE,46887.328009828,doi_10.21223_MXKUIK,275,TRUE,FALSE,Peru,Chugay,,,FALSE,,,,,,
MXKUIK_Chugay_2020-2021,310,3,potato,CIP393077.159,tubers,34242.0818181817,,TRUE,30302.7272727272,doi_10.21223_MXKUIK,276,TRUE,FALSE,Peru,Chugay,,,FALSE,,,,,,
MXKUIK_Jauja_2020-2021,101,1,potato,CIP396036.201,tubers,21692.2895348837,,TRUE,20090.238372093,doi_10.21223_MXKUIK,277,TRUE,FALSE,Peru,Jauja,,,FALSE,,,,,,
MXKUIK_Jauja_2020-2021,102,1,potato,Unica,tubers,19177.586,,TRUE,17988.709,doi_10.21223_MXKUIK,278,TRUE,FALSE,Peru,Jauja,,,FALSE,,,,,,
MXKUIK_Jauja_2020-2021,103,1,potato,CIP395123.6,tubers,24497.3040441176,,TRUE,23909.0746323529,doi_10.21223_MXKUIK,279,TRUE,FALSE,Peru,Jauja,,,FALSE,,,,,,
MXKUIK_Jauja_2020-2021,104,1,potato,CIP392650.12,tubers,21617.0677777778,,TRUE,21036.8266666667,doi_10.21223_MXKUIK,280,TRUE,FALSE,Peru,Jauja,,,FALSE,,,,,,
MXKUIK_Jauja_2020-2021,105,1,potato,CIP396026.101,tubers,24949.2454545455,,TRUE,24065.4159090909,doi_10.21223_MXKUIK,281,TRUE,FALSE,Peru,Jauja,,,FALSE,,,,,,
MXKUIK_Jauja_2020-2021,106,1,potato,CIP393371.164,tubers,12486.854296875,,TRUE,11992.067578125,doi_10.21223_MXKUIK,282,TRUE,FALSE,Peru,Jauja,,,FALSE,,,,,,
MXKUIK_Jauja_2020-2021,107,1,potato,CIP396034.103,tubers,25306.4136,,TRUE,25199.748,doi_10.21223_MXKUIK,283,TRUE,FALSE,Peru,Jauja,,,FALSE,,,,,,
MXKUIK_Jauja_2020-2021,108,1,potato,CIP393077.159,tubers,20727.4922535211,,TRUE,19753.3235915493,doi_10.21223_MXKUIK,284,TRUE,FALSE,Peru,Jauja,,,FALSE,,,,,,
MXKUIK_Jauja_2020-2021,109,1,potato,Canchan,tubers,20469.2788732394,,TRUE,19835.4823943662,doi_10.21223_MXKUIK,285,TRUE,FALSE,Peru,Jauja,,,FALSE,,,,,,
MXKUIK_Jauja_2020-2021,110,1,potato,CIP391058.175,tubers,16654.2452205882,,TRUE,15416.5125,doi_10.21223_MXKUIK,286,TRUE,FALSE,Peru,Jauja,,,FALSE,,,,,,
MXKUIK_Jauja_2020-2021,201,2,potato,CIP396034.103,tubers,27458.05875,,TRUE,27458.05875,doi_10.21223_MXKUIK,287,TRUE,FALSE,Peru,Jauja,,,FALSE,,,,,,
MXKUIK_Jauja_2020-2021,202,2,potato,CIP391058.175,tubers,15073.3786764706,,TRUE,13860.1555147059,doi_10.21223_MXKUIK,288,TRUE,FALSE,Peru,Jauja,,,FALSE,,,,,,
MXKUIK_Jauja_2020-2021,203,2,potato,CIP396026.101,tubers,23950.3777777778,,TRUE,22863.9688888889,doi_10.21223_MXKUIK,289,TRUE,FALSE,Peru,Jauja,,,FALSE,,,,,,
MXKUIK_Jauja_2020-2021,204,2,potato,CIP396036.201,tubers,19691.1611111111,,TRUE,19049.1922222222,doi_10.21223_MXKUIK,290,TRUE,FALSE,Peru,Jauja,,,FALSE,,,,,,
MXKUIK_Jauja_2020-2021,205,2,potato,Canchan,tubers,20159.6157534247,,TRUE,19919.8921232877,doi_10.21223_MXKUIK,291,TRUE,FALSE,Peru,Jauja,,,FALSE,,,,,,
MXKUIK_Jauja_2020-2021,206,2,potato,CIP395123.6,tubers,23333.1,,TRUE,23103.6336956522,doi_10.21223_MXKUIK,292,TRUE,FALSE,Peru,Jauja,,,FALSE,,,,,,
MXKUIK_Jauja_2020-2021,207,2,potato,CIP393077.159,tubers,18761.7171428571,,TRUE,18178.3896428571,doi_10.21223_MXKUIK,293,TRUE,FALSE,Peru,Jauja,,,FALSE,,,,,,
MXKUIK_Jauja_2020-2021,208,2,potato,CIP393371.164,tubers,22012.6003846154,,TRUE,21410.0423076923,doi_10.21223_MXKUIK,294,TRUE,FALSE,Peru,Jauja,,,FALSE,,,,,,
MXKUIK_Jauja_2020-2021,209,2,potato,CIP392650.12,tubers,18933.6341911765,,TRUE,18676.2838235294,doi_10.21223_MXKUIK,295,TRUE,FALSE,Peru,Jauja,,,FALSE,,,,,,
MXKUIK_Jauja_2020-2021,210,2,potato,Unica,tubers,19295.1090604027,,TRUE,18198.9231543624,doi_10.21223_MXKUIK,296,TRUE,FALSE,Peru,Jauja,,,FALSE,,,,,,
MXKUIK_Jauja_2020-2021,301,3,potato,CIP393371.164,tubers,22499.775,,TRUE,21487.8803571429,doi_10.21223_MXKUIK,297,TRUE,FALSE,Peru,Jauja,,,FALSE,,,,,,
MXKUIK_Jauja_2020-2021,302,3,potato,CIP393077.159,tubers,13925.7866666667,,TRUE,13259.1266666667,doi_10.21223_MXKUIK,298,TRUE,FALSE,Peru,Jauja,,,FALSE,,,,,,
MXKUIK_Jauja_2020-2021,303,3,potato,CIP396036.201,tubers,20202.1789285714,,TRUE,19845.0396428571,doi_10.21223_MXKUIK,299,TRUE,FALSE,Peru,Jauja,,,FALSE,,,,,,
MXKUIK_Jauja_2020-2021,304,3,potato,Canchan,tubers,20234.5394366197,,TRUE,19882.4302816901,doi_10.21223_MXKUIK,300,TRUE,FALSE,Peru,Jauja,,,FALSE,,,,,,
MXKUIK_Jauja_2020-2021,305,3,potato,Unica,tubers,13648.5121621622,,TRUE,13164.2827702703,doi_10.21223_MXKUIK,301,TRUE,FALSE,Peru,Jauja,,,FALSE,,,,,,
MXKUIK_Jauja_2020-2021,306,3,potato,CIP396034.103,tubers,25237.8428571429,,TRUE,25065.8869047619,doi_10.21223_MXKUIK,302,TRUE,FALSE,Peru,Jauja,,,FALSE,,,,,,
MXKUIK_Jauja_2020-2021,307,3,potato,CIP395123.6,tubers,27416.3925,,TRUE,27285.4414285714,doi_10.21223_MXKUIK,303,TRUE,FALSE,Peru,Jauja,,,FALSE,,,,,,
MXKUIK_Jauja_2020-2021,308,3,potato,CIP391058.175,tubers,11952.2614285714,,TRUE,11071.3178571429,doi_10.21223_MXKUIK,304,TRUE,FALSE,Peru,Jauja,,,FALSE,,,,,,
MXKUIK_Jauja_2020-2021,309,3,potato,CIP396026.101,tubers,23896.8198529412,,TRUE,23235.0617647059,doi_10.21223_MXKUIK,305,TRUE,FALSE,Peru,Jauja,,,FALSE,,,,,,
MXKUIK_Jauja_2020-2021,310,3,potato,CIP392650.12,tubers,26070.2989051095,,TRUE,25559.3551094891,doi_10.21223_MXKUIK,306,TRUE,FALSE,Peru,Jauja,,,FALSE,,,,,,
MXKUIK_La_Paccha_2020-2021,101,1,potato,Canchan,tubers,22095.0171428571,,TRUE,17968.0742857143,doi_10.21223_MXKUIK,307,TRUE,FALSE,Peru,La Paccha,,,FALSE,,,,,,
MXKUIK_La_Paccha_2020-2021,102,1,potato,CIP396036.201,tubers,47442.4479452055,,TRUE,34200.5712328767,doi_10.21223_MXKUIK,308,TRUE,FALSE,Peru,La Paccha,,,FALSE,,,,,,
MXKUIK_La_Paccha_2020-2021,103,1,potato,CIP391058.175,tubers,44475.7457142857,,TRUE,20237.8928571429,doi_10.21223_MXKUIK,309,TRUE,FALSE,Peru,La Paccha,,,FALSE,,,,,,
MXKUIK_La_Paccha_2020-2021,104,1,potato,CIP392650.12,tubers,36478.5084507042,,TRUE,30680.4443661972,doi_10.21223_MXKUIK,310,TRUE,FALSE,Peru,La Paccha,,,FALSE,,,,,,
MXKUIK_La_Paccha_2020-2021,105,1,potato,CIP396026.101,tubers,54837.4145833333,,TRUE,49837.4645833333,doi_10.21223_MXKUIK,311,TRUE,FALSE,Peru,La Paccha,,,FALSE,,,,,,
MXKUIK_La_Paccha_2020-2021,106,1,potato,Unica,tubers,37645.3111888112,,TRUE,34148.8426573427,doi_10.21223_MXKUIK,312,TRUE,FALSE,Peru,La Paccha,,,FALSE,,,,,,
MXKUIK_La_Paccha_2020-2021,107,1,potato,CIP393371.164,tubers,52351.0746575343,,TRUE,37054.4239726027,doi_10.21223_MXKUIK,313,TRUE,FALSE,Peru,La Paccha,,,FALSE,,,,,,
MXKUIK_La_Paccha_2020-2021,108,1,potato,CIP396034.103,tubers,36255.3452054795,,TRUE,30364.9931506849,doi_10.21223_MXKUIK,314,TRUE,FALSE,Peru,La Paccha,,,FALSE,,,,,,
MXKUIK_La_Paccha_2020-2021,109,1,potato,CIP395123.6,tubers,49953.2041666667,,TRUE,45323.6208333333,doi_10.21223_MXKUIK,315,TRUE,FALSE,Peru,La Paccha,,,FALSE,,,,,,
MXKUIK_La_Paccha_2020-2021,110,1,potato,CIP393077.159,tubers,52470.3377622378,,TRUE,34288.7013986014,doi_10.21223_MXKUIK,316,TRUE,FALSE,Peru,La Paccha,,,FALSE,,,,,,
MXKUIK_La_Paccha_2020-2021,201,2,potato,CIP392650.12,tubers,43038.1183673469,,TRUE,39614.1163265306,doi_10.21223_MXKUIK,317,TRUE,FALSE,Peru,La Paccha,,,FALSE,,,,,,
MXKUIK_La_Paccha_2020-2021,202,2,potato,CIP391058.175,tubers,44201.435915493,,TRUE,27887.0450704225,doi_10.21223_MXKUIK,318,TRUE,FALSE,Peru,La Paccha,,,FALSE,,,,,,
MXKUIK_La_Paccha_2020-2021,203,2,potato,CIP393077.159,tubers,50761.3971428572,,TRUE,24333.09,doi_10.21223_MXKUIK,319,TRUE,FALSE,Peru,La Paccha,,,FALSE,,,,,,
MXKUIK_La_Paccha_2020-2021,204,2,potato,CIP393371.164,tubers,57533.6712328767,,TRUE,39223.3520547945,doi_10.21223_MXKUIK,320,TRUE,FALSE,Peru,La Paccha,,,FALSE,,,,,,
MXKUIK_La_Paccha_2020-2021,205,2,potato,CIP396026.101,tubers,48648.1621621622,,TRUE,44594.1486486487,doi_10.21223_MXKUIK,321,TRUE,FALSE,Peru,La Paccha,,,FALSE,,,,,,
MXKUIK_La_Paccha_2020-2021,206,2,potato,CIP396034.103,tubers,44042.9385616438,,TRUE,40364.8931506849,doi_10.21223_MXKUIK,322,TRUE,FALSE,Peru,La Paccha,,,FALSE,,,,,,
MXKUIK_La_Paccha_2020-2021,207,2,potato,CIP396036.201,tubers,48911.5479166667,,TRUE,40578.2979166667,doi_10.21223_MXKUIK,323,TRUE,FALSE,Peru,La Paccha,,,FALSE,,,,,,
MXKUIK_La_Paccha_2020-2021,208,2,potato,Unica,tubers,35508.9041666667,,TRUE,34027.4375,doi_10.21223_MXKUIK,324,TRUE,FALSE,Peru,La Paccha,,,FALSE,,,,,,
MXKUIK_La_Paccha_2020-2021,209,2,potato,Canchan,tubers,12815.4058252427,,TRUE,10679.5048543689,doi_10.21223_MXKUIK,325,TRUE,FALSE,Peru,La Paccha,,,FALSE,,,,,,
MXKUIK_La_Paccha_2020-2021,210,2,potato,CIP395123.6,tubers,57700.5724137931,,TRUE,46206.4344827586,doi_10.21223_MXKUIK,326,TRUE,FALSE,Peru,La Paccha,,,FALSE,,,,,,
MXKUIK_La_Paccha_2020-2021,301,3,potato,CIP393371.164,tubers,47675.5795774648,,TRUE,33896.3746478873,doi_10.21223_MXKUIK,327,TRUE,FALSE,Peru,La Paccha,,,FALSE,,,,,,
MXKUIK_La_Paccha_2020-2021,302,3,potato,CIP393077.159,tubers,51405.3816326531,,TRUE,37800.0755102041,doi_10.21223_MXKUIK,328,TRUE,FALSE,Peru,La Paccha,,,FALSE,,,,,,
MXKUIK_La_Paccha_2020-2021,303,3,potato,CIP396036.201,tubers,53125.9055172414,,TRUE,33333,doi_10.21223_MXKUIK,329,TRUE,FALSE,Peru,La Paccha,,,FALSE,,,,,,
MXKUIK_La_Paccha_2020-2021,304,3,potato,Unica,tubers,33721.1239726027,,TRUE,32191.4589041096,doi_10.21223_MXKUIK,330,TRUE,FALSE,Peru,La Paccha,,,FALSE,,,,,,
MXKUIK_La_Paccha_2020-2021,305,3,potato,Canchan,tubers,21635.5861111111,,TRUE,17283.7777777778,doi_10.21223_MXKUIK,331,TRUE,FALSE,Peru,La Paccha,,,FALSE,,,,,,
MXKUIK_La_Paccha_2020-2021,306,3,potato,CIP391058.175,tubers,44661.7155405405,,TRUE,27950.1709459459,doi_10.21223_MXKUIK,332,TRUE,FALSE,Peru,La Paccha,,,FALSE,,,,,,
MXKUIK_La_Paccha_2020-2021,307,3,potato,CIP395123.6,tubers,56252.3110344828,,TRUE,39999.6,doi_10.21223_MXKUIK,333,TRUE,FALSE,Peru,La Paccha,,,FALSE,,,,,,
MXKUIK_La_Paccha_2020-2021,308,3,potato,CIP392650.12,tubers,46666.2,,TRUE,40747.8918367347,doi_10.21223_MXKUIK,334,TRUE,FALSE,Peru,La Paccha,,,FALSE,,,,,,
MXKUIK_La_Paccha_2020-2021,309,3,potato,CIP396026.101,tubers,50449.945945946,,TRUE,43828.3905405405,doi_10.21223_MXKUIK,335,TRUE,FALSE,Peru,La Paccha,,,FALSE,,,,,,
MXKUIK_La_Paccha_2020-2021,310,3,potato,CIP396034.103,tubers,37927.5486486487,,TRUE,30179.8783783784,doi_10.21223_MXKUIK,336,TRUE,FALSE,Peru,La Paccha,,,FALSE,,,,,,
MXKUIK_Majes2_2020-2021,101,1,potato,Canchan,tubers,18023.0755813954,,TRUE,11782.8279069767,doi_10.21223_MXKUIK,337,TRUE,FALSE,Peru,Majes2,,,FALSE,,,,,,
MXKUIK_Majes2_2020-2021,102,1,potato,CIP396036.201,tubers,25645.3891891892,,TRUE,21591.3756756757,doi_10.21223_MXKUIK,338,TRUE,FALSE,Peru,Majes2,,,FALSE,,,,,,
MXKUIK_Majes2_2020-2021,103,1,potato,CIP391058.175,tubers,15851.6933333333,,TRUE,12814.6866666667,doi_10.21223_MXKUIK,339,TRUE,FALSE,Peru,Majes2,,,FALSE,,,,,,
MXKUIK_Majes2_2020-2021,104,1,potato,CIP392650.12,tubers,18895.1598837209,,TRUE,16085.1104651163,doi_10.21223_MXKUIK,340,TRUE,FALSE,Peru,Majes2,,,FALSE,,,,,,
MXKUIK_Majes2_2020-2021,105,1,potato,CIP393371.164,tubers,20937.290625,,TRUE,17458.15875,doi_10.21223_MXKUIK,341,TRUE,FALSE,Peru,Majes2,,,FALSE,,,,,,
MXKUIK_Majes2_2020-2021,106,1,potato,Unica,tubers,20796.8934782609,,TRUE,16883.8891304348,doi_10.21223_MXKUIK,342,TRUE,FALSE,Peru,Majes2,,,FALSE,,,,,,
MXKUIK_Majes2_2020-2021,107,1,potato,CIP396026.101,tubers,38604.2651162791,,TRUE,35542.2802325581,doi_10.21223_MXKUIK,343,TRUE,FALSE,Peru,Majes2,,,FALSE,,,,,,
MXKUIK_Majes2_2020-2021,108,1,potato,CIP396034.103,tubers,30444.14,,TRUE,28666.38,doi_10.21223_MXKUIK,344,TRUE,FALSE,Peru,Majes2,,,FALSE,,,,,,
MXKUIK_Majes2_2020-2021,109,1,potato,CIP395123.6,tubers,41990.3208333333,,TRUE,34073.7333333333,doi_10.21223_MXKUIK,345,TRUE,FALSE,Peru,Majes2,,,FALSE,,,,,,
MXKUIK_Majes2_2020-2021,110,1,potato,CIP393077.159,tubers,19674.6,,TRUE,14227.5,doi_10.21223_MXKUIK,346,TRUE,FALSE,Peru,Majes2,,,FALSE,,,,,,
MXKUIK_Majes2_2020-2021,201,2,potato,CIP392650.12,tubers,21842.9188235294,,TRUE,18078.2505882353,doi_10.21223_MXKUIK,347,TRUE,FALSE,Peru,Majes2,,,FALSE,,,,,,
MXKUIK_Majes2_2020-2021,202,2,potato,CIP391058.175,tubers,20874.1081967213,,TRUE,14835.9172131148,doi_10.21223_MXKUIK,348,TRUE,FALSE,Peru,Majes2,,,FALSE,,,,,,
MXKUIK_Majes2_2020-2021,203,2,potato,CIP393077.159,tubers,24808.4950819672,,TRUE,17267.5868852459,doi_10.21223_MXKUIK,349,TRUE,FALSE,Peru,Majes2,,,FALSE,,,,,,
MXKUIK_Majes2_2020-2021,204,2,potato,CIP393371.164,tubers,31211.8090909091,,TRUE,22449.2704545455,doi_10.21223_MXKUIK,350,TRUE,FALSE,Peru,Majes2,,,FALSE,,,,,,
MXKUIK_Majes2_2020-2021,205,2,potato,CIP396026.101,tubers,32557.8139534884,,TRUE,30154.7372093023,doi_10.21223_MXKUIK,351,TRUE,FALSE,Peru,Majes2,,,FALSE,,,,,,
MXKUIK_Majes2_2020-2021,206,2,potato,CIP396034.103,tubers,32777.45,,TRUE,30555.25,doi_10.21223_MXKUIK,352,TRUE,FALSE,Peru,Majes2,,,FALSE,,,,,,
MXKUIK_Majes2_2020-2021,207,2,potato,CIP396036.201,tubers,25221.97,,TRUE,20253.7657142857,doi_10.21223_MXKUIK,353,TRUE,FALSE,Peru,Majes2,,,FALSE,,,,,,
MXKUIK_Majes2_2020-2021,208,2,potato,Unica,tubers,18888.7,,TRUE,14925.7766666667,doi_10.21223_MXKUIK,354,TRUE,FALSE,Peru,Majes2,,,FALSE,,,,,,
MXKUIK_Majes2_2020-2021,209,2,potato,Canchan,tubers,21766.449,,TRUE,13866.528,doi_10.21223_MXKUIK,355,TRUE,FALSE,Peru,Majes2,,,FALSE,,,,,,
MXKUIK_Majes2_2020-2021,210,2,potato,CIP395123.6,tubers,52278.8889705882,,TRUE,39558.4279411765,doi_10.21223_MXKUIK,356,TRUE,FALSE,Peru,Majes2,,,FALSE,,,,,,
MXKUIK_Majes2_2020-2021,301,3,potato,CIP393371.164,tubers,26987.3844444445,,TRUE,21160.2822222222,doi_10.21223_MXKUIK,357,TRUE,FALSE,Peru,Majes2,,,FALSE,,,,,,
MXKUIK_Majes2_2020-2021,302,3,potato,CIP393077.159,tubers,26566.8985074627,,TRUE,19651.5447761194,doi_10.21223_MXKUIK,358,TRUE,FALSE,Peru,Majes2,,,FALSE,,,,,,
MXKUIK_Majes2_2020-2021,303,3,potato,CIP396036.201,tubers,28851.9127358491,,TRUE,24119.2556603774,doi_10.21223_MXKUIK,359,TRUE,FALSE,Peru,Majes2,,,FALSE,,,,,,
MXKUIK_Majes2_2020-2021,304,3,potato,Unica,tubers,22954.3159090909,,TRUE,17272.5545454545,doi_10.21223_MXKUIK,360,TRUE,FALSE,Peru,Majes2,,,FALSE,,,,,,
MXKUIK_Majes2_2020-2021,305,3,potato,Canchan,tubers,18859.4605263158,,TRUE,10613.9289473684,doi_10.21223_MXKUIK,361,TRUE,FALSE,Peru,Majes2,,,FALSE,,,,,,
MXKUIK_Majes2_2020-2021,306,3,potato,CIP391058.175,tubers,19852.7426470588,,TRUE,14019.4676470588,doi_10.21223_MXKUIK,362,TRUE,FALSE,Peru,Majes2,,,FALSE,,,,,,
MXKUIK_Majes2_2020-2021,307,3,potato,CIP395123.6,tubers,37028.6152173913,,TRUE,24383.8141304348,doi_10.21223_MXKUIK,363,TRUE,FALSE,Peru,Majes2,,,FALSE,,,,,,
MXKUIK_Majes2_2020-2021,308,3,potato,CIP392650.12,tubers,25437.245625,,TRUE,18145.651875,doi_10.21223_MXKUIK,364,TRUE,FALSE,Peru,Majes2,,,FALSE,,,,,,
MXKUIK_Majes2_2020-2021,309,3,potato,CIP396026.101,tubers,48437.015625,,TRUE,36353.803125,doi_10.21223_MXKUIK,365,TRUE,FALSE,Peru,Majes2,,,FALSE,,,,,,
MXKUIK_Majes2_2020-2021,310,3,potato,CIP396034.103,tubers,33469.0530612245,,TRUE,28299.0367346939,doi_10.21223_MXKUIK,366,TRUE,FALSE,Peru,Majes2,,,FALSE,,,,,,
MXKUIK_Majes1_2020-2021,101,1,potato,CIP396034.103,tubers,48872.0602941177,,TRUE,43982.4033088235,doi_10.21223_MXKUIK,367,TRUE,FALSE,Peru,Majes1,,,FALSE,,,,,,
MXKUIK_Majes1_2020-2021,102,1,potato,Canchan,tubers,18485.92625,,TRUE,15208.18125,doi_10.21223_MXKUIK,368,TRUE,FALSE,Peru,Majes1,,,FALSE,,,,,,
MXKUIK_Majes1_2020-2021,103,1,potato,Unica,tubers,26319.18125,,TRUE,23101.6208333333,doi_10.21223_MXKUIK,369,TRUE,FALSE,Peru,Majes1,,,FALSE,,,,,,
MXKUIK_Majes1_2020-2021,104,1,potato,CIP393371.164,tubers,36312.7681818182,,TRUE,33850.6715909091,doi_10.21223_MXKUIK,370,TRUE,FALSE,Peru,Majes1,,,FALSE,,,,,,
MXKUIK_Majes1_2020-2021,105,1,potato,CIP396026.101,tubers,44800.1217948718,,TRUE,42008.1269230769,doi_10.21223_MXKUIK,371,TRUE,FALSE,Peru,Majes1,,,FALSE,,,,,,
MXKUIK_Majes1_2020-2021,106,1,potato,CIP392650.12,tubers,30595.1138931298,,TRUE,27999.72,doi_10.21223_MXKUIK,372,TRUE,FALSE,Peru,Majes1,,,FALSE,,,,,,
MXKUIK_Majes1_2020-2021,107,1,potato,CIP391058.175,tubers,28019.3276470588,,TRUE,28019.3276470588,doi_10.21223_MXKUIK,373,TRUE,FALSE,Peru,Majes1,,,FALSE,,,,,,
MXKUIK_Majes1_2020-2021,108,1,potato,CIP396036.201,tubers,55734.7367647059,,TRUE,50195.5764705882,doi_10.21223_MXKUIK,374,TRUE,FALSE,Peru,Majes1,,,FALSE,,,,,,
MXKUIK_Majes1_2020-2021,109,1,potato,CIP393077.159,tubers,10040.0602409639,,TRUE,9317.17590361446,doi_10.21223_MXKUIK,375,TRUE,FALSE,Peru,Majes1,,,FALSE,,,,,,
MXKUIK_Majes1_2020-2021,110,1,potato,CIP395123.6,tubers,34676.2701492537,,TRUE,30534.5205223881,doi_10.21223_MXKUIK,376,TRUE,FALSE,Peru,Majes1,,,FALSE,,,,,,
MXKUIK_Majes1_2020-2021,201,2,potato,Canchan,tubers,23999.76,,TRUE,20966.457,doi_10.21223_MXKUIK,377,TRUE,FALSE,Peru,Majes1,,,FALSE,,,,,,
MXKUIK_Majes1_2020-2021,202,2,potato,CIP396026.101,tubers,48268.2511627907,,TRUE,44263.123255814,doi_10.21223_MXKUIK,378,TRUE,FALSE,Peru,Majes1,,,FALSE,,,,,,
MXKUIK_Majes1_2020-2021,203,2,potato,CIP391058.175,tubers,37552.8159574468,,TRUE,32641.5175531915,doi_10.21223_MXKUIK,379,TRUE,FALSE,Peru,Majes1,,,FALSE,,,,,,
MXKUIK_Majes1_2020-2021,204,2,potato,CIP395123.6,tubers,47055.085,,TRUE,34652.43125,doi_10.21223_MXKUIK,380,TRUE,FALSE,Peru,Majes1,,,FALSE,,,,,,
MXKUIK_Majes1_2020-2021,205,2,potato,CIP396034.103,tubers,55525.0857692308,,TRUE,50486.6746153846,doi_10.21223_MXKUIK,381,TRUE,FALSE,Peru,Majes1,,,FALSE,,,,,,
MXKUIK_Majes1_2020-2021,206,2,potato,CIP393371.164,tubers,32610.2933628319,,TRUE,28952.5128318584,doi_10.21223_MXKUIK,382,TRUE,FALSE,Peru,Majes1,,,FALSE,,,,,,
MXKUIK_Majes1_2020-2021,207,2,potato,CIP393077.159,tubers,19238.4907407407,,TRUE,11584.2462962963,doi_10.21223_MXKUIK,383,TRUE,FALSE,Peru,Majes1,,,FALSE,,,,,,
MXKUIK_Majes1_2020-2021,208,2,potato,CIP396036.201,tubers,54586.1208,,TRUE,49186.1748,doi_10.21223_MXKUIK,384,TRUE,FALSE,Peru,Majes1,,,FALSE,,,,,,
MXKUIK_Majes1_2020-2021,209,2,potato,Unica,tubers,19222.03,,TRUE,15685.0283333333,doi_10.21223_MXKUIK,385,TRUE,FALSE,Peru,Majes1,,,FALSE,,,,,,
MXKUIK_Majes1_2020-2021,210,2,potato,CIP392650.12,tubers,34605.4933576642,,TRUE,30773.414890511,doi_10.21223_MXKUIK,386,TRUE,FALSE,Peru,Majes1,,,FALSE,,,,,,
MXKUIK_Majes1_2020-2021,301,3,potato,CIP391058.175,tubers,31941.4281553398,,TRUE,28041.790776699,doi_10.21223_MXKUIK,387,TRUE,FALSE,Peru,Majes1,,,FALSE,,,,,,
MXKUIK_Majes1_2020-2021,302,3,potato,CIP393371.164,tubers,29666.37,,TRUE,27456.7961363636,doi_10.21223_MXKUIK,388,TRUE,FALSE,Peru,Majes1,,,FALSE,,,,,,
MXKUIK_Majes1_2020-2021,303,3,potato,Canchan,tubers,23143.4,,TRUE,18780.3,doi_10.21223_MXKUIK,389,TRUE,FALSE,Peru,Majes1,,,FALSE,,,,,,
MXKUIK_Majes1_2020-2021,304,3,potato,CIP395123.6,tubers,37625.5230215827,,TRUE,32385.7672661871,doi_10.21223_MXKUIK,390,TRUE,FALSE,Peru,Majes1,,,FALSE,,,,,,
MXKUIK_Majes1_2020-2021,305,3,potato,Unica,tubers,14455.637755102,,TRUE,10476.0857142857,doi_10.21223_MXKUIK,391,TRUE,FALSE,Peru,Majes1,,,FALSE,,,,,,
MXKUIK_Majes1_2020-2021,306,3,potato,CIP393077.159,tubers,14308.8,,TRUE,9756,doi_10.21223_MXKUIK,392,TRUE,FALSE,Peru,Majes1,,,FALSE,,,,,,
MXKUIK_Majes1_2020-2021,307,3,potato,CIP392650.12,tubers,36927.4914179104,,TRUE,32462.3619402985,doi_10.21223_MXKUIK,393,TRUE,FALSE,Peru,Majes1,,,FALSE,,,,,,
MXKUIK_Majes1_2020-2021,308,3,potato,CIP396034.103,tubers,52242.9763829787,,TRUE,48793.8382978723,doi_10.21223_MXKUIK,394,TRUE,FALSE,Peru,Majes1,,,FALSE,,,,,,
MXKUIK_Majes1_2020-2021,309,3,potato,CIP396036.201,tubers,49527.7098461539,,TRUE,47463.6279230769,doi_10.21223_MXKUIK,395,TRUE,FALSE,Peru,Majes1,,,FALSE,,,,,,
MXKUIK_Majes1_2020-2021,310,3,potato,CIP396026.101,tubers,62155.3417431193,,TRUE,57675.2642201835,doi_10.21223_MXKUIK,396,TRUE,FALSE,Peru,Majes1,,,FALSE,,,,,,
MXKUIK_Yanac_2020-2021,101,1,potato,CIP393077.159,tubers,29489.2312385601,,TRUE,27455.4911531422,doi_10.21223_MXKUIK,397,TRUE,FALSE,Peru,Yanac,,,FALSE,,,,,,
MXKUIK_Yanac_2020-2021,102,1,potato,CIP393371.164,tubers,30302.7272727273,,TRUE,29595.6636363636,doi_10.21223_MXKUIK,398,TRUE,FALSE,Peru,Yanac,,,FALSE,,,,,,
MXKUIK_Yanac_2020-2021,103,1,potato,CIP396036.201,tubers,35353.1818181818,,TRUE,34343.0909090909,doi_10.21223_MXKUIK,399,TRUE,FALSE,Peru,Yanac,,,FALSE,,,,,,
MXKUIK_Yanac_2020-2021,104,1,potato,CIP396034.103,tubers,28867.4426904177,,TRUE,28355.5722972973,doi_10.21223_MXKUIK,400,TRUE,FALSE,Peru,Yanac,,,FALSE,,,,,,
MXKUIK_Yanac_2020-2021,105,1,potato,CIP395123.6,tubers,32247.8347665848,,TRUE,31735.9643734644,doi_10.21223_MXKUIK,401,TRUE,FALSE,Peru,Yanac,,,FALSE,,,,,,
MXKUIK_Yanac_2020-2021,106,1,potato,CIP396026.101,tubers,27777.5,,TRUE,26363.3727272727,doi_10.21223_MXKUIK,402,TRUE,FALSE,Peru,Yanac,,,FALSE,,,,,,
MXKUIK_Yanac_2020-2021,107,1,potato,CIP392650.12,tubers,27777.5,,TRUE,26767.4090909091,doi_10.21223_MXKUIK,403,TRUE,FALSE,Peru,Yanac,,,FALSE,,,,,,
MXKUIK_Yanac_2020-2021,108,1,potato,Canchan,tubers,24672.152948403,,TRUE,23648.4121621622,doi_10.21223_MXKUIK,404,TRUE,FALSE,Peru,Yanac,,,FALSE,,,,,,
MXKUIK_Yanac_2020-2021,109,1,potato,CIP391058.175,tubers,23443.664004914,,TRUE,22010.4269041769,doi_10.21223_MXKUIK,405,TRUE,FALSE,Peru,Yanac,,,FALSE,,,,,,
MXKUIK_Yanac_2020-2021,110,1,potato,Unica,tubers,29176.6124078624,,TRUE,23648.4121621622,doi_10.21223_MXKUIK,406,TRUE,FALSE,Peru,Yanac,,,FALSE,,,,,,
MXKUIK_Yanac_2020-2021,201,2,potato,Canchan,tubers,25664.5547309833,,TRUE,24221.5677179963,doi_10.21223_MXKUIK,407,TRUE,FALSE,Peru,Yanac,,,FALSE,,,,,,
MXKUIK_Yanac_2020-2021,202,2,potato,CIP396036.201,tubers,37048.61249066,,TRUE,35803.2949315069,doi_10.21223_MXKUIK,408,TRUE,FALSE,Peru,Yanac,,,FALSE,,,,,,
MXKUIK_Yanac_2020-2021,203,2,potato,CIP396026.101,tubers,28344.3877551019,,TRUE,25767.6252319108,doi_10.21223_MXKUIK,409,TRUE,FALSE,Peru,Yanac,,,FALSE,,,,,,
MXKUIK_Yanac_2020-2021,204,2,potato,CIP395123.6,tubers,38363.2527272727,,TRUE,35130.9618181818,doi_10.21223_MXKUIK,410,TRUE,FALSE,Peru,Yanac,,,FALSE,,,,,,
MXKUIK_Yanac_2020-2021,205,2,potato,CIP393077.159,tubers,38557.6081504702,,TRUE,36990.2257053292,doi_10.21223_MXKUIK,411,TRUE,FALSE,Peru,Yanac,,,FALSE,,,,,,
MXKUIK_Yanac_2020-2021,206,2,potato,Unica,tubers,30303.7510135135,,TRUE,24673.1766891892,doi_10.21223_MXKUIK,412,TRUE,FALSE,Peru,Yanac,,,FALSE,,,,,,
MXKUIK_Yanac_2020-2021,207,2,potato,CIP391058.175,tubers,22727.0454545455,,TRUE,20755.2926525529,doi_10.21223_MXKUIK,413,TRUE,FALSE,Peru,Yanac,,,FALSE,,,,,,
MXKUIK_Yanac_2020-2021,208,2,potato,CIP393371.164,tubers,34219.4063079777,,TRUE,32054.9257884972,doi_10.21223_MXKUIK,414,TRUE,FALSE,Peru,Yanac,,,FALSE,,,,,,
MXKUIK_Yanac_2020-2021,209,2,potato,CIP392650.12,tubers,20372.4416461916,,TRUE,17915.4637592138,doi_10.21223_MXKUIK,415,TRUE,FALSE,Peru,Yanac,,,FALSE,,,,,,
MXKUIK_Yanac_2020-2021,210,2,potato,CIP396034.103,tubers,31029.1625155666,,TRUE,29680.0684931507,doi_10.21223_MXKUIK,416,TRUE,FALSE,Peru,Yanac,,,FALSE,,,,,,
MXKUIK_Yanac_2020-2021,301,3,potato,CIP395123.6,tubers,33149.9633923124,,TRUE,31319.5973154362,doi_10.21223_MXKUIK,417,TRUE,FALSE,Peru,Yanac,,,FALSE,,,,,,
MXKUIK_Yanac_2020-2021,302,3,potato,Canchan,tubers,28152.8716216216,,TRUE,26105.3900491401,doi_10.21223_MXKUIK,418,TRUE,FALSE,Peru,Yanac,,,FALSE,,,,,,
MXKUIK_Yanac_2020-2021,303,3,potato,Unica,tubers,29380.7463206388,,TRUE,23033.5534459459,doi_10.21223_MXKUIK,419,TRUE,FALSE,Peru,Yanac,,,FALSE,,,,,,
MXKUIK_Yanac_2020-2021,304,3,potato,CIP396036.201,tubers,29997.6662599146,,TRUE,28472.3611958511,doi_10.21223_MXKUIK,420,TRUE,FALSE,Peru,Yanac,,,FALSE,,,,,,
MXKUIK_Yanac_2020-2021,305,3,potato,CIP392650.12,tubers,24141.1727272727,,TRUE,21413.9272727273,doi_10.21223_MXKUIK,421,TRUE,FALSE,Peru,Yanac,,,FALSE,,,,,,
MXKUIK_Yanac_2020-2021,306,3,potato,CIP393371.164,tubers,29978.0551948052,,TRUE,28138.2467532468,doi_10.21223_MXKUIK,422,TRUE,FALSE,Peru,Yanac,,,FALSE,,,,,,
MXKUIK_Yanac_2020-2021,307,3,potato,CIP396026.101,tubers,31029.1625155666,,TRUE,27396.9863013699,doi_10.21223_MXKUIK,423,TRUE,FALSE,Peru,Yanac,,,FALSE,,,,,,
MXKUIK_Yanac_2020-2021,308,3,potato,CIP396034.103,tubers,30717.2104669988,,TRUE,27915.2459589041,doi_10.21223_MXKUIK,424,TRUE,FALSE,Peru,Yanac,,,FALSE,,,,,,
MXKUIK_Yanac_2020-2021,309,3,potato,CIP393077.159,tubers,27760.5521659548,,TRUE,24709.9420378279,doi_10.21223_MXKUIK,425,TRUE,FALSE,Peru,Yanac,,,FALSE,,,,,,
MXKUIK_Yanac_2020-2021,310,3,potato,CIP391058.175,tubers,19389.5073108709,,TRUE,15893.0387794024,doi_10.21223_MXKUIK,426,TRUE,FALSE,Peru,Yanac,,,FALSE,,,,,,
