trial_id,plot_id,rep,crop,variety,yield_part,yield,yield_moisture,yield_isfresh,dataset_id,record_id,on_farm,is_survey,country,location,longitude,latitude,geo_from_source,planting_date,harvest_date,N_fertilizer,P_fertilizer,K_fertilizer,irrigated
Allato_Mother,1,1,potato,CIP399048.39,tubers,19.098039,,TRUE,doi_10.21223_P3_QJ10B7,1,TRUE,FALSE,Peru,Allato,,,FALSE,,,,,,
Allato_Mother,2,1,potato,CIP399079.27,tubers,21.216667,,TRUE,doi_10.21223_P3_QJ10B7,2,TRUE,FALSE,Peru,Allato,,,FALSE,,,,,,
Allato_Mother,3,1,potato,Peruanita,tubers,6.031746,,TRUE,doi_10.21223_P3_QJ10B7,3,TRUE,FALSE,Peru,Allato,,,FALSE,,,,,,
Allato_Mother,4,2,potato,CIP399048.39,tubers,21.855967,,TRUE,doi_10.21223_P3_QJ10B7,4,TRUE,FALSE,Peru,Allato,,,FALSE,,,,,,
Allato_Mother,5,2,potato,CIP399079.27,tubers,40.493976,,TRUE,doi_10.21223_P3_QJ10B7,5,TRUE,FALSE,Peru,Allato,,,FALSE,,,,,,
Allato_Mother,6,2,potato,Peruanita,tubers,5.725738,,TRUE,doi_10.21223_P3_QJ10B7,6,TRUE,FALSE,Peru,Allato,,,FALSE,,,,,,
Allato_Mother,7,3,potato,CIP399048.39,tubers,24.42803,,TRUE,doi_10.21223_P3_QJ10B7,7,TRUE,FALSE,Peru,Allato,,,FALSE,,,,,,
Allato_Mother,8,3,potato,CIP399079.27,tubers,50.506329,,TRUE,doi_10.21223_P3_QJ10B7,8,TRUE,FALSE,Peru,Allato,,,FALSE,,,,,,
Allato_Mother,9,3,potato,Peruanita,tubers,12.183908,,TRUE,doi_10.21223_P3_QJ10B7,9,TRUE,FALSE,Peru,Allato,,,FALSE,,,,,,
Chacapunco_Mother,1,1,potato,CIP399048.39,tubers,17.0206,,TRUE,doi_10.21223_P3_QJ10B7,10,TRUE,FALSE,Peru,Chacapunco,,,FALSE,,,,,,
Chacapunco_Mother,2,2,potato,CIP399048.39,tubers,37.84893,,TRUE,doi_10.21223_P3_QJ10B7,11,TRUE,FALSE,Peru,Chacapunco,,,FALSE,,,,,,
Chacapunco_Mother,3,3,potato,CIP399048.39,tubers,10.55008,,TRUE,doi_10.21223_P3_QJ10B7,12,TRUE,FALSE,Peru,Chacapunco,,,FALSE,,,,,,
Chacapunco_Mother,4,1,potato,CIP399079.27,tubers,22.47672,,TRUE,doi_10.21223_P3_QJ10B7,13,TRUE,FALSE,Peru,Chacapunco,,,FALSE,,,,,,
Chacapunco_Mother,5,2,potato,CIP399079.27,tubers,28.7625,,TRUE,doi_10.21223_P3_QJ10B7,14,TRUE,FALSE,Peru,Chacapunco,,,FALSE,,,,,,
Chacapunco_Mother,6,3,potato,CIP399079.27,tubers,33.63682,,TRUE,doi_10.21223_P3_QJ10B7,15,TRUE,FALSE,Peru,Chacapunco,,,FALSE,,,,,,
Chacapunco_Mother,7,1,potato,CIP720064,tubers,22.46275,,TRUE,doi_10.21223_P3_QJ10B7,16,TRUE,FALSE,Peru,Chacapunco,,,FALSE,,,,,,
Chacapunco_Mother,8,2,potato,CIP720064,tubers,28.04167,,TRUE,doi_10.21223_P3_QJ10B7,17,TRUE,FALSE,Peru,Chacapunco,,,FALSE,,,,,,
Chacapunco_Mother,9,3,potato,CIP720064,tubers,31.24699,,TRUE,doi_10.21223_P3_QJ10B7,18,TRUE,FALSE,Peru,Chacapunco,,,FALSE,,,,,,
Chacapunco_Mother,10,1,potato,Peruanita,tubers,24.56349,,TRUE,doi_10.21223_P3_QJ10B7,19,TRUE,FALSE,Peru,Chacapunco,,,FALSE,,,,,,
Chacapunco_Mother,11,2,potato,Peruanita,tubers,15.96277,,TRUE,doi_10.21223_P3_QJ10B7,20,TRUE,FALSE,Peru,Chacapunco,,,FALSE,,,,,,
Chacapunco_Mother,12,3,potato,Peruanita,tubers,18.25655,,TRUE,doi_10.21223_P3_QJ10B7,21,TRUE,FALSE,Peru,Chacapunco,,,FALSE,,,,,,
Occo Centro_Mother,1,1,potato,CIP399048.39,tubers,22.45626,,TRUE,doi_10.21223_P3_QJ10B7,22,TRUE,FALSE,Peru,Occo Centro,,,FALSE,,,,,,
Occo Centro_Mother,2,2,potato,CIP399048.39,tubers,16.76471,,TRUE,doi_10.21223_P3_QJ10B7,23,TRUE,FALSE,Peru,Occo Centro,,,FALSE,,,,,,
Occo Centro_Mother,3,3,potato,CIP399048.39,tubers,14.17984,,TRUE,doi_10.21223_P3_QJ10B7,24,TRUE,FALSE,Peru,Occo Centro,,,FALSE,,,,,,
Occo Centro_Mother,4,1,potato,CIP399079.27,tubers,26.37099,,TRUE,doi_10.21223_P3_QJ10B7,25,TRUE,FALSE,Peru,Occo Centro,,,FALSE,,,,,,
Occo Centro_Mother,5,2,potato,CIP399079.27,tubers,30.69482,,TRUE,doi_10.21223_P3_QJ10B7,26,TRUE,FALSE,Peru,Occo Centro,,,FALSE,,,,,,
Occo Centro_Mother,6,3,potato,CIP399079.27,tubers,28.76224,,TRUE,doi_10.21223_P3_QJ10B7,27,TRUE,FALSE,Peru,Occo Centro,,,FALSE,,,,,,
Occo Centro_Mother,7,1,potato,CIP720064,tubers,26.94444,,TRUE,doi_10.21223_P3_QJ10B7,28,TRUE,FALSE,Peru,Occo Centro,,,FALSE,,,,,,
Occo Centro_Mother,8,2,potato,CIP720064,tubers,30.26861,,TRUE,doi_10.21223_P3_QJ10B7,29,TRUE,FALSE,Peru,Occo Centro,,,FALSE,,,,,,
Occo Centro_Mother,9,3,potato,CIP720064,tubers,22.90866,,TRUE,doi_10.21223_P3_QJ10B7,30,TRUE,FALSE,Peru,Occo Centro,,,FALSE,,,,,,
Occo Centro_Mother,10,1,potato,Peruanita,tubers,12.69124,,TRUE,doi_10.21223_P3_QJ10B7,31,TRUE,FALSE,Peru,Occo Centro,,,FALSE,,,,,,
Occo Centro_Mother,11,2,potato,Peruanita,tubers,13.829,,TRUE,doi_10.21223_P3_QJ10B7,32,TRUE,FALSE,Peru,Occo Centro,,,FALSE,,,,,,
Occo Centro_Mother,12,3,potato,Peruanita,tubers,12.37949,,TRUE,doi_10.21223_P3_QJ10B7,33,TRUE,FALSE,Peru,Occo Centro,,,FALSE,,,,,,
