trial_id,plot_id,rep,crop,variety,yield_part,yield,yield_moisture,yield_isfresh,yield_marketable,dataset_id,record_id,on_farm,is_survey,country,location,longitude,latitude,geo_from_source,elevation,planting_date,harvest_date,N_fertilizer,P_fertilizer,K_fertilizer,irrigated
RWIMFO_Yanamayo_Mother,1,1,potato,CIP399054.1,tubers,21666.67,,TRUE,8333.333,doi_10.21223_P3_RWIMFO,1,TRUE,FALSE,Peru,Yanamayo,-72.26289,-13.25588,TRUE,2906,2009-09-19,2010-05-13,,,,
RWIMFO_Yanamayo_Mother,2,1,potato,CIP399090.48,tubers,20000,,TRUE,10000,doi_10.21223_P3_RWIMFO,2,TRUE,FALSE,Peru,Yanamayo,-72.26289,-13.25588,TRUE,2906,2009-09-19,2010-05-13,,,,
RWIMFO_Yanamayo_Mother,3,1,potato,CIP399052.3,tubers,31666.67,,TRUE,15000,doi_10.21223_P3_RWIMFO,3,TRUE,FALSE,Peru,Yanamayo,-72.26289,-13.25588,TRUE,2906,2009-09-19,2010-05-13,,,,
RWIMFO_Yanamayo_Mother,4,1,potato,CIP399053.11,tubers,35000,,TRUE,16666.667,doi_10.21223_P3_RWIMFO,4,TRUE,FALSE,Peru,Yanamayo,-72.26289,-13.25588,TRUE,2906,2009-09-19,2010-05-13,,,,
RWIMFO_Yanamayo_Mother,5,1,potato,CIP399053.12,tubers,21666.67,,TRUE,11666.667,doi_10.21223_P3_RWIMFO,5,TRUE,FALSE,Peru,Yanamayo,-72.26289,-13.25588,TRUE,2906,2009-09-19,2010-05-13,,,,
RWIMFO_Yanamayo_Mother,6,1,potato,CIP399058.12,tubers,20000,,TRUE,10000,doi_10.21223_P3_RWIMFO,6,TRUE,FALSE,Peru,Yanamayo,-72.26289,-13.25588,TRUE,2906,2009-09-19,2010-05-13,,,,
RWIMFO_Yanamayo_Mother,7,1,potato,CIP399062.108,tubers,16666.67,,TRUE,6666.667,doi_10.21223_P3_RWIMFO,7,TRUE,FALSE,Peru,Yanamayo,-72.26289,-13.25588,TRUE,2906,2009-09-19,2010-05-13,,,,
RWIMFO_Yanamayo_Mother,8,1,potato,CIP399062.119,tubers,21666.67,,TRUE,10000,doi_10.21223_P3_RWIMFO,8,TRUE,FALSE,Peru,Yanamayo,-72.26289,-13.25588,TRUE,2906,2009-09-19,2010-05-13,,,,
RWIMFO_Yanamayo_Mother,9,1,potato,CIP399048.39,tubers,16666.67,,TRUE,8333.333,doi_10.21223_P3_RWIMFO,9,TRUE,FALSE,Peru,Yanamayo,-72.26289,-13.25588,TRUE,2906,2009-09-19,2010-05-13,,,,
RWIMFO_Yanamayo_Mother,10,1,potato,CIP399001.16,tubers,25000,,TRUE,13333.333,doi_10.21223_P3_RWIMFO,10,TRUE,FALSE,Peru,Yanamayo,-72.26289,-13.25588,TRUE,2906,2009-09-19,2010-05-13,,,,
RWIMFO_Yanamayo_Mother,11,1,potato,CIP399072.28,tubers,36666.67,,TRUE,20000,doi_10.21223_P3_RWIMFO,11,TRUE,FALSE,Peru,Yanamayo,-72.26289,-13.25588,TRUE,2906,2009-09-19,2010-05-13,,,,
RWIMFO_Yanamayo_Mother,12,1,potato,CIP399049.14,tubers,36666.67,,TRUE,21666.667,doi_10.21223_P3_RWIMFO,12,TRUE,FALSE,Peru,Yanamayo,-72.26289,-13.25588,TRUE,2906,2009-09-19,2010-05-13,,,,
RWIMFO_Yanamayo_Mother,13,1,potato,CIP399049.16,tubers,41666.67,,TRUE,25000,doi_10.21223_P3_RWIMFO,13,TRUE,FALSE,Peru,Yanamayo,-72.26289,-13.25588,TRUE,2906,2009-09-19,2010-05-13,,,,
RWIMFO_Yanamayo_Mother,14,1,potato,CIP399049.22,tubers,18333.33,,TRUE,10000,doi_10.21223_P3_RWIMFO,14,TRUE,FALSE,Peru,Yanamayo,-72.26289,-13.25588,TRUE,2906,2009-09-19,2010-05-13,,,,
RWIMFO_Yanamayo_Mother,15,1,potato,CIP399075.22,tubers,13333.33,,TRUE,10000,doi_10.21223_P3_RWIMFO,15,TRUE,FALSE,Peru,Yanamayo,-72.26289,-13.25588,TRUE,2906,2009-09-19,2010-05-13,,,,
RWIMFO_Yanamayo_Mother,16,1,potato,Huayro,tubers,13333.33,,TRUE,6666.667,doi_10.21223_P3_RWIMFO,16,TRUE,FALSE,Peru,Yanamayo,-72.26289,-13.25588,TRUE,2906,2009-09-19,2010-05-13,,,,
RWIMFO_Yanamayo_Mother,17,2,potato,CIP399054.1,tubers,18333.33,,TRUE,10000,doi_10.21223_P3_RWIMFO,17,TRUE,FALSE,Peru,Yanamayo,-72.26289,-13.25588,TRUE,2906,2009-09-19,2010-05-13,,,,
RWIMFO_Yanamayo_Mother,18,2,potato,CIP399090.48,tubers,18333.33,,TRUE,8333.333,doi_10.21223_P3_RWIMFO,18,TRUE,FALSE,Peru,Yanamayo,-72.26289,-13.25588,TRUE,2906,2009-09-19,2010-05-13,,,,
RWIMFO_Yanamayo_Mother,19,2,potato,CIP399052.3,tubers,30000,,TRUE,16666.667,doi_10.21223_P3_RWIMFO,19,TRUE,FALSE,Peru,Yanamayo,-72.26289,-13.25588,TRUE,2906,2009-09-19,2010-05-13,,,,
RWIMFO_Yanamayo_Mother,20,2,potato,CIP399053.11,tubers,30000,,TRUE,15000,doi_10.21223_P3_RWIMFO,20,TRUE,FALSE,Peru,Yanamayo,-72.26289,-13.25588,TRUE,2906,2009-09-19,2010-05-13,,,,
RWIMFO_Yanamayo_Mother,21,2,potato,CIP399053.12,tubers,18333.33,,TRUE,10000,doi_10.21223_P3_RWIMFO,21,TRUE,FALSE,Peru,Yanamayo,-72.26289,-13.25588,TRUE,2906,2009-09-19,2010-05-13,,,,
RWIMFO_Yanamayo_Mother,22,2,potato,CIP399058.12,tubers,15000,,TRUE,8333.333,doi_10.21223_P3_RWIMFO,22,TRUE,FALSE,Peru,Yanamayo,-72.26289,-13.25588,TRUE,2906,2009-09-19,2010-05-13,,,,
RWIMFO_Yanamayo_Mother,23,2,potato,CIP399062.108,tubers,16666.67,,TRUE,6666.667,doi_10.21223_P3_RWIMFO,23,TRUE,FALSE,Peru,Yanamayo,-72.26289,-13.25588,TRUE,2906,2009-09-19,2010-05-13,,,,
RWIMFO_Yanamayo_Mother,24,2,potato,CIP399062.119,tubers,16666.67,,TRUE,11666.667,doi_10.21223_P3_RWIMFO,24,TRUE,FALSE,Peru,Yanamayo,-72.26289,-13.25588,TRUE,2906,2009-09-19,2010-05-13,,,,
RWIMFO_Yanamayo_Mother,25,2,potato,CIP399048.39,tubers,15000,,TRUE,10000,doi_10.21223_P3_RWIMFO,25,TRUE,FALSE,Peru,Yanamayo,-72.26289,-13.25588,TRUE,2906,2009-09-19,2010-05-13,,,,
RWIMFO_Yanamayo_Mother,26,2,potato,CIP399001.16,tubers,26666.67,,TRUE,20000,doi_10.21223_P3_RWIMFO,26,TRUE,FALSE,Peru,Yanamayo,-72.26289,-13.25588,TRUE,2906,2009-09-19,2010-05-13,,,,
RWIMFO_Yanamayo_Mother,27,2,potato,CIP399072.28,tubers,18333.33,,TRUE,10000,doi_10.21223_P3_RWIMFO,27,TRUE,FALSE,Peru,Yanamayo,-72.26289,-13.25588,TRUE,2906,2009-09-19,2010-05-13,,,,
RWIMFO_Yanamayo_Mother,28,2,potato,CIP399049.14,tubers,28333.33,,TRUE,18333.333,doi_10.21223_P3_RWIMFO,28,TRUE,FALSE,Peru,Yanamayo,-72.26289,-13.25588,TRUE,2906,2009-09-19,2010-05-13,,,,
RWIMFO_Yanamayo_Mother,29,2,potato,CIP399049.16,tubers,30000,,TRUE,20000,doi_10.21223_P3_RWIMFO,29,TRUE,FALSE,Peru,Yanamayo,-72.26289,-13.25588,TRUE,2906,2009-09-19,2010-05-13,,,,
RWIMFO_Yanamayo_Mother,30,2,potato,CIP399049.22,tubers,15000,,TRUE,8333.333,doi_10.21223_P3_RWIMFO,30,TRUE,FALSE,Peru,Yanamayo,-72.26289,-13.25588,TRUE,2906,2009-09-19,2010-05-13,,,,
RWIMFO_Yanamayo_Mother,31,2,potato,CIP399075.22,tubers,10000,,TRUE,5000,doi_10.21223_P3_RWIMFO,31,TRUE,FALSE,Peru,Yanamayo,-72.26289,-13.25588,TRUE,2906,2009-09-19,2010-05-13,,,,
RWIMFO_Yanamayo_Mother,32,2,potato,Huayro,tubers,10000,,TRUE,6666.667,doi_10.21223_P3_RWIMFO,32,TRUE,FALSE,Peru,Yanamayo,-72.26289,-13.25588,TRUE,2906,2009-09-19,2010-05-13,,,,
RWIMFO_Yanamayo_Mother,33,3,potato,CIP399054.1,tubers,23333.33,,TRUE,11666.667,doi_10.21223_P3_RWIMFO,33,TRUE,FALSE,Peru,Yanamayo,-72.26289,-13.25588,TRUE,2906,2009-09-19,2010-05-13,,,,
RWIMFO_Yanamayo_Mother,34,3,potato,CIP399090.48,tubers,18333.33,,TRUE,10000,doi_10.21223_P3_RWIMFO,34,TRUE,FALSE,Peru,Yanamayo,-72.26289,-13.25588,TRUE,2906,2009-09-19,2010-05-13,,,,
RWIMFO_Yanamayo_Mother,35,3,potato,CIP399052.3,tubers,21666.67,,TRUE,13333.333,doi_10.21223_P3_RWIMFO,35,TRUE,FALSE,Peru,Yanamayo,-72.26289,-13.25588,TRUE,2906,2009-09-19,2010-05-13,,,,
RWIMFO_Yanamayo_Mother,36,3,potato,CIP399053.11,tubers,31666.67,,TRUE,15000,doi_10.21223_P3_RWIMFO,36,TRUE,FALSE,Peru,Yanamayo,-72.26289,-13.25588,TRUE,2906,2009-09-19,2010-05-13,,,,
RWIMFO_Yanamayo_Mother,37,3,potato,CIP399053.12,tubers,20000,,TRUE,10000,doi_10.21223_P3_RWIMFO,37,TRUE,FALSE,Peru,Yanamayo,-72.26289,-13.25588,TRUE,2906,2009-09-19,2010-05-13,,,,
RWIMFO_Yanamayo_Mother,38,3,potato,CIP399058.12,tubers,18333.33,,TRUE,11666.667,doi_10.21223_P3_RWIMFO,38,TRUE,FALSE,Peru,Yanamayo,-72.26289,-13.25588,TRUE,2906,2009-09-19,2010-05-13,,,,
RWIMFO_Yanamayo_Mother,39,3,potato,CIP399062.108,tubers,18333.33,,TRUE,10000,doi_10.21223_P3_RWIMFO,39,TRUE,FALSE,Peru,Yanamayo,-72.26289,-13.25588,TRUE,2906,2009-09-19,2010-05-13,,,,
RWIMFO_Yanamayo_Mother,40,3,potato,CIP399062.119,tubers,21666.67,,TRUE,15000,doi_10.21223_P3_RWIMFO,40,TRUE,FALSE,Peru,Yanamayo,-72.26289,-13.25588,TRUE,2906,2009-09-19,2010-05-13,,,,
RWIMFO_Yanamayo_Mother,41,3,potato,CIP399048.39,tubers,20000,,TRUE,10000,doi_10.21223_P3_RWIMFO,41,TRUE,FALSE,Peru,Yanamayo,-72.26289,-13.25588,TRUE,2906,2009-09-19,2010-05-13,,,,
RWIMFO_Yanamayo_Mother,42,3,potato,CIP399001.16,tubers,26666.67,,TRUE,13333.333,doi_10.21223_P3_RWIMFO,42,TRUE,FALSE,Peru,Yanamayo,-72.26289,-13.25588,TRUE,2906,2009-09-19,2010-05-13,,,,
RWIMFO_Yanamayo_Mother,43,3,potato,CIP399072.28,tubers,21666.67,,TRUE,10000,doi_10.21223_P3_RWIMFO,43,TRUE,FALSE,Peru,Yanamayo,-72.26289,-13.25588,TRUE,2906,2009-09-19,2010-05-13,,,,
RWIMFO_Yanamayo_Mother,44,3,potato,CIP399049.14,tubers,30000,,TRUE,16666.667,doi_10.21223_P3_RWIMFO,44,TRUE,FALSE,Peru,Yanamayo,-72.26289,-13.25588,TRUE,2906,2009-09-19,2010-05-13,,,,
RWIMFO_Yanamayo_Mother,45,3,potato,CIP399049.16,tubers,38333.33,,TRUE,20000,doi_10.21223_P3_RWIMFO,45,TRUE,FALSE,Peru,Yanamayo,-72.26289,-13.25588,TRUE,2906,2009-09-19,2010-05-13,,,,
RWIMFO_Yanamayo_Mother,46,3,potato,CIP399049.22,tubers,20000,,TRUE,10000,doi_10.21223_P3_RWIMFO,46,TRUE,FALSE,Peru,Yanamayo,-72.26289,-13.25588,TRUE,2906,2009-09-19,2010-05-13,,,,
RWIMFO_Yanamayo_Mother,47,3,potato,CIP399075.22,tubers,15000,,TRUE,8333.333,doi_10.21223_P3_RWIMFO,47,TRUE,FALSE,Peru,Yanamayo,-72.26289,-13.25588,TRUE,2906,2009-09-19,2010-05-13,,,,
RWIMFO_Yanamayo_Mother,48,3,potato,Huayro,tubers,11666.67,,TRUE,6666.667,doi_10.21223_P3_RWIMFO,48,TRUE,FALSE,Peru,Yanamayo,-72.26289,-13.25588,TRUE,2906,2009-09-19,2010-05-13,,,,
RWIMFO_Patacancha_Mother,1,1,potato,CIP399054.1,tubers,15000,,TRUE,8333,doi_10.21223_P3_RWIMFO,49,TRUE,FALSE,Peru,Patacancha,-72.18757,-13.14994,TRUE,4121,2009-11-10,2010-05-12,,,,
RWIMFO_Patacancha_Mother,2,1,potato,CIP399090.48,tubers,16667,,TRUE,10000,doi_10.21223_P3_RWIMFO,50,TRUE,FALSE,Peru,Patacancha,-72.18757,-13.14994,TRUE,4121,2009-11-10,2010-05-12,,,,
RWIMFO_Patacancha_Mother,3,1,potato,CIP399052.3,tubers,11667,,TRUE,6667,doi_10.21223_P3_RWIMFO,51,TRUE,FALSE,Peru,Patacancha,-72.18757,-13.14994,TRUE,4121,2009-11-10,2010-05-12,,,,
RWIMFO_Patacancha_Mother,4,1,potato,CIP399053.11,tubers,30000,,TRUE,16667,doi_10.21223_P3_RWIMFO,52,TRUE,FALSE,Peru,Patacancha,-72.18757,-13.14994,TRUE,4121,2009-11-10,2010-05-12,,,,
RWIMFO_Patacancha_Mother,5,1,potato,CIP399053.12,tubers,18333,,TRUE,10000,doi_10.21223_P3_RWIMFO,53,TRUE,FALSE,Peru,Patacancha,-72.18757,-13.14994,TRUE,4121,2009-11-10,2010-05-12,,,,
RWIMFO_Patacancha_Mother,6,1,potato,CIP399058.12,tubers,21667,,TRUE,8333,doi_10.21223_P3_RWIMFO,54,TRUE,FALSE,Peru,Patacancha,-72.18757,-13.14994,TRUE,4121,2009-11-10,2010-05-12,,,,
RWIMFO_Patacancha_Mother,7,1,potato,CIP399062.108,tubers,18333,,TRUE,6667,doi_10.21223_P3_RWIMFO,55,TRUE,FALSE,Peru,Patacancha,-72.18757,-13.14994,TRUE,4121,2009-11-10,2010-05-12,,,,
RWIMFO_Patacancha_Mother,8,1,potato,CIP399062.119,tubers,18333,,TRUE,8333,doi_10.21223_P3_RWIMFO,56,TRUE,FALSE,Peru,Patacancha,-72.18757,-13.14994,TRUE,4121,2009-11-10,2010-05-12,,,,
RWIMFO_Patacancha_Mother,9,1,potato,CIP399048.39,tubers,36667,,TRUE,16667,doi_10.21223_P3_RWIMFO,57,TRUE,FALSE,Peru,Patacancha,-72.18757,-13.14994,TRUE,4121,2009-11-10,2010-05-12,,,,
RWIMFO_Patacancha_Mother,10,1,potato,CIP399001.16,tubers,41667,,TRUE,21667,doi_10.21223_P3_RWIMFO,58,TRUE,FALSE,Peru,Patacancha,-72.18757,-13.14994,TRUE,4121,2009-11-10,2010-05-12,,,,
RWIMFO_Patacancha_Mother,11,1,potato,CIP399072.28,tubers,33333,,TRUE,18333,doi_10.21223_P3_RWIMFO,59,TRUE,FALSE,Peru,Patacancha,-72.18757,-13.14994,TRUE,4121,2009-11-10,2010-05-12,,,,
RWIMFO_Patacancha_Mother,12,1,potato,CIP399049.14,tubers,38333,,TRUE,21667,doi_10.21223_P3_RWIMFO,60,TRUE,FALSE,Peru,Patacancha,-72.18757,-13.14994,TRUE,4121,2009-11-10,2010-05-12,,,,
RWIMFO_Patacancha_Mother,13,1,potato,CIP399049.16,tubers,41667,,TRUE,21667,doi_10.21223_P3_RWIMFO,61,TRUE,FALSE,Peru,Patacancha,-72.18757,-13.14994,TRUE,4121,2009-11-10,2010-05-12,,,,
RWIMFO_Patacancha_Mother,14,1,potato,CIP399049.22,tubers,26667,,TRUE,16667,doi_10.21223_P3_RWIMFO,62,TRUE,FALSE,Peru,Patacancha,-72.18757,-13.14994,TRUE,4121,2009-11-10,2010-05-12,,,,
RWIMFO_Patacancha_Mother,15,1,potato,CIP399075.22,tubers,20000,,TRUE,10000,doi_10.21223_P3_RWIMFO,63,TRUE,FALSE,Peru,Patacancha,-72.18757,-13.14994,TRUE,4121,2009-11-10,2010-05-12,,,,
RWIMFO_Patacancha_Mother,16,1,potato,Huayro,tubers,11667,,TRUE,5000,doi_10.21223_P3_RWIMFO,64,TRUE,FALSE,Peru,Patacancha,-72.18757,-13.14994,TRUE,4121,2009-11-10,2010-05-12,,,,
RWIMFO_Patacancha_Mother,17,2,potato,CIP399054.1,tubers,13333,,TRUE,6667,doi_10.21223_P3_RWIMFO,65,TRUE,FALSE,Peru,Patacancha,-72.18757,-13.14994,TRUE,4121,2009-11-10,2010-05-12,,,,
RWIMFO_Patacancha_Mother,18,2,potato,CIP399090.48,tubers,15000,,TRUE,10000,doi_10.21223_P3_RWIMFO,66,TRUE,FALSE,Peru,Patacancha,-72.18757,-13.14994,TRUE,4121,2009-11-10,2010-05-12,,,,
RWIMFO_Patacancha_Mother,19,2,potato,CIP399052.3,tubers,15000,,TRUE,5000,doi_10.21223_P3_RWIMFO,67,TRUE,FALSE,Peru,Patacancha,-72.18757,-13.14994,TRUE,4121,2009-11-10,2010-05-12,,,,
RWIMFO_Patacancha_Mother,20,2,potato,CIP399053.11,tubers,26667,,TRUE,10000,doi_10.21223_P3_RWIMFO,68,TRUE,FALSE,Peru,Patacancha,-72.18757,-13.14994,TRUE,4121,2009-11-10,2010-05-12,,,,
RWIMFO_Patacancha_Mother,21,2,potato,CIP399053.12,tubers,28333,,TRUE,13333,doi_10.21223_P3_RWIMFO,69,TRUE,FALSE,Peru,Patacancha,-72.18757,-13.14994,TRUE,4121,2009-11-10,2010-05-12,,,,
RWIMFO_Patacancha_Mother,22,2,potato,CIP399058.12,tubers,11667,,TRUE,8333,doi_10.21223_P3_RWIMFO,70,TRUE,FALSE,Peru,Patacancha,-72.18757,-13.14994,TRUE,4121,2009-11-10,2010-05-12,,,,
RWIMFO_Patacancha_Mother,23,2,potato,CIP399062.108,tubers,23333,,TRUE,13333,doi_10.21223_P3_RWIMFO,71,TRUE,FALSE,Peru,Patacancha,-72.18757,-13.14994,TRUE,4121,2009-11-10,2010-05-12,,,,
RWIMFO_Patacancha_Mother,24,2,potato,CIP399062.119,tubers,36667,,TRUE,16667,doi_10.21223_P3_RWIMFO,72,TRUE,FALSE,Peru,Patacancha,-72.18757,-13.14994,TRUE,4121,2009-11-10,2010-05-12,,,,
RWIMFO_Patacancha_Mother,25,2,potato,CIP399048.39,tubers,33333,,TRUE,16667,doi_10.21223_P3_RWIMFO,73,TRUE,FALSE,Peru,Patacancha,-72.18757,-13.14994,TRUE,4121,2009-11-10,2010-05-12,,,,
RWIMFO_Patacancha_Mother,26,2,potato,CIP399001.16,tubers,40000,,TRUE,23333,doi_10.21223_P3_RWIMFO,74,TRUE,FALSE,Peru,Patacancha,-72.18757,-13.14994,TRUE,4121,2009-11-10,2010-05-12,,,,
RWIMFO_Patacancha_Mother,27,2,potato,CIP399072.28,tubers,30000,,TRUE,16667,doi_10.21223_P3_RWIMFO,75,TRUE,FALSE,Peru,Patacancha,-72.18757,-13.14994,TRUE,4121,2009-11-10,2010-05-12,,,,
RWIMFO_Patacancha_Mother,28,2,potato,CIP399049.14,tubers,45000,,TRUE,21667,doi_10.21223_P3_RWIMFO,76,TRUE,FALSE,Peru,Patacancha,-72.18757,-13.14994,TRUE,4121,2009-11-10,2010-05-12,,,,
RWIMFO_Patacancha_Mother,29,2,potato,CIP399049.16,tubers,45000,,TRUE,23333,doi_10.21223_P3_RWIMFO,77,TRUE,FALSE,Peru,Patacancha,-72.18757,-13.14994,TRUE,4121,2009-11-10,2010-05-12,,,,
RWIMFO_Patacancha_Mother,30,2,potato,CIP399049.22,tubers,28333,,TRUE,18333,doi_10.21223_P3_RWIMFO,78,TRUE,FALSE,Peru,Patacancha,-72.18757,-13.14994,TRUE,4121,2009-11-10,2010-05-12,,,,
RWIMFO_Patacancha_Mother,31,2,potato,CIP399075.22,tubers,20000,,TRUE,10000,doi_10.21223_P3_RWIMFO,79,TRUE,FALSE,Peru,Patacancha,-72.18757,-13.14994,TRUE,4121,2009-11-10,2010-05-12,,,,
RWIMFO_Patacancha_Mother,32,2,potato,Huayro,tubers,11667,,TRUE,5000,doi_10.21223_P3_RWIMFO,80,TRUE,FALSE,Peru,Patacancha,-72.18757,-13.14994,TRUE,4121,2009-11-10,2010-05-12,,,,
RWIMFO_Patacancha_Mother,33,3,potato,CIP399054.1,tubers,18333,,TRUE,8333,doi_10.21223_P3_RWIMFO,81,TRUE,FALSE,Peru,Patacancha,-72.18757,-13.14994,TRUE,4121,2009-11-10,2010-05-12,,,,
RWIMFO_Patacancha_Mother,34,3,potato,CIP399090.48,tubers,18333,,TRUE,13333,doi_10.21223_P3_RWIMFO,82,TRUE,FALSE,Peru,Patacancha,-72.18757,-13.14994,TRUE,4121,2009-11-10,2010-05-12,,,,
RWIMFO_Patacancha_Mother,35,3,potato,CIP399052.3,tubers,20000,,TRUE,10000,doi_10.21223_P3_RWIMFO,83,TRUE,FALSE,Peru,Patacancha,-72.18757,-13.14994,TRUE,4121,2009-11-10,2010-05-12,,,,
RWIMFO_Patacancha_Mother,36,3,potato,CIP399053.11,tubers,36667,,TRUE,16667,doi_10.21223_P3_RWIMFO,84,TRUE,FALSE,Peru,Patacancha,-72.18757,-13.14994,TRUE,4121,2009-11-10,2010-05-12,,,,
RWIMFO_Patacancha_Mother,37,3,potato,CIP399053.12,tubers,30000,,TRUE,16667,doi_10.21223_P3_RWIMFO,85,TRUE,FALSE,Peru,Patacancha,-72.18757,-13.14994,TRUE,4121,2009-11-10,2010-05-12,,,,
RWIMFO_Patacancha_Mother,38,3,potato,CIP399058.12,tubers,18333,,TRUE,10000,doi_10.21223_P3_RWIMFO,86,TRUE,FALSE,Peru,Patacancha,-72.18757,-13.14994,TRUE,4121,2009-11-10,2010-05-12,,,,
RWIMFO_Patacancha_Mother,39,3,potato,CIP399062.108,tubers,26667,,TRUE,15000,doi_10.21223_P3_RWIMFO,87,TRUE,FALSE,Peru,Patacancha,-72.18757,-13.14994,TRUE,4121,2009-11-10,2010-05-12,,,,
RWIMFO_Patacancha_Mother,40,3,potato,CIP399062.119,tubers,25000,,TRUE,13333,doi_10.21223_P3_RWIMFO,88,TRUE,FALSE,Peru,Patacancha,-72.18757,-13.14994,TRUE,4121,2009-11-10,2010-05-12,,,,
RWIMFO_Patacancha_Mother,41,3,potato,CIP399048.39,tubers,45000,,TRUE,21667,doi_10.21223_P3_RWIMFO,89,TRUE,FALSE,Peru,Patacancha,-72.18757,-13.14994,TRUE,4121,2009-11-10,2010-05-12,,,,
RWIMFO_Patacancha_Mother,42,3,potato,CIP399001.16,tubers,35000,,TRUE,18333,doi_10.21223_P3_RWIMFO,90,TRUE,FALSE,Peru,Patacancha,-72.18757,-13.14994,TRUE,4121,2009-11-10,2010-05-12,,,,
RWIMFO_Patacancha_Mother,43,3,potato,CIP399072.28,tubers,36667,,TRUE,20000,doi_10.21223_P3_RWIMFO,91,TRUE,FALSE,Peru,Patacancha,-72.18757,-13.14994,TRUE,4121,2009-11-10,2010-05-12,,,,
RWIMFO_Patacancha_Mother,44,3,potato,CIP399049.14,tubers,45000,,TRUE,23333,doi_10.21223_P3_RWIMFO,92,TRUE,FALSE,Peru,Patacancha,-72.18757,-13.14994,TRUE,4121,2009-11-10,2010-05-12,,,,
RWIMFO_Patacancha_Mother,45,3,potato,CIP399049.16,tubers,45000,,TRUE,21667,doi_10.21223_P3_RWIMFO,93,TRUE,FALSE,Peru,Patacancha,-72.18757,-13.14994,TRUE,4121,2009-11-10,2010-05-12,,,,
RWIMFO_Patacancha_Mother,46,3,potato,CIP399049.22,tubers,30000,,TRUE,16667,doi_10.21223_P3_RWIMFO,94,TRUE,FALSE,Peru,Patacancha,-72.18757,-13.14994,TRUE,4121,2009-11-10,2010-05-12,,,,
RWIMFO_Patacancha_Mother,47,3,potato,CIP399075.22,tubers,25000,,TRUE,15000,doi_10.21223_P3_RWIMFO,95,TRUE,FALSE,Peru,Patacancha,-72.18757,-13.14994,TRUE,4121,2009-11-10,2010-05-12,,,,
RWIMFO_Patacancha_Mother,48,3,potato,Huayro,tubers,11667,,TRUE,6667,doi_10.21223_P3_RWIMFO,96,TRUE,FALSE,Peru,Patacancha,-72.18757,-13.14994,TRUE,4121,2009-11-10,2010-05-12,,,,
RWIMFO_Yanamayo_Baby,1,1,potato,CIP399054.1,tubers,26666.67,,TRUE,10000,doi_10.21223_P3_RWIMFO,97,TRUE,FALSE,Peru,Yanamayo,-72.26289,-13.25588,TRUE,2906,2009-09-19,2010-05-13,,,,
RWIMFO_Yanamayo_Baby,2,1,potato,CIP399090.48,tubers,36666.67,,TRUE,10000,doi_10.21223_P3_RWIMFO,98,TRUE,FALSE,Peru,Yanamayo,-72.26289,-13.25588,TRUE,2906,2009-09-19,2010-05-13,,,,
RWIMFO_Yanamayo_Baby,3,1,potato,CIP399052.3,tubers,20000,,TRUE,13333.333,doi_10.21223_P3_RWIMFO,99,TRUE,FALSE,Peru,Yanamayo,-72.26289,-13.25588,TRUE,2906,2009-09-19,2010-05-13,,,,
RWIMFO_Yanamayo_Baby,4,1,potato,CIP399053.11,tubers,26666.67,,TRUE,20000,doi_10.21223_P3_RWIMFO,100,TRUE,FALSE,Peru,Yanamayo,-72.26289,-13.25588,TRUE,2906,2009-09-19,2010-05-13,,,,
RWIMFO_Yanamayo_Baby,5,1,potato,CIP399053.12,tubers,16666.67,,TRUE,10000,doi_10.21223_P3_RWIMFO,101,TRUE,FALSE,Peru,Yanamayo,-72.26289,-13.25588,TRUE,2906,2009-09-19,2010-05-13,,,,
RWIMFO_Yanamayo_Baby,6,1,potato,CIP399058.12,tubers,20000,,TRUE,13333.333,doi_10.21223_P3_RWIMFO,102,TRUE,FALSE,Peru,Yanamayo,-72.26289,-13.25588,TRUE,2906,2009-09-19,2010-05-13,,,,
RWIMFO_Yanamayo_Baby,7,1,potato,CIP399062.108,tubers,13333.33,,TRUE,10000,doi_10.21223_P3_RWIMFO,103,TRUE,FALSE,Peru,Yanamayo,-72.26289,-13.25588,TRUE,2906,2009-09-19,2010-05-13,,,,
RWIMFO_Yanamayo_Baby,8,1,potato,CIP399062.119,tubers,26666.67,,TRUE,20000,doi_10.21223_P3_RWIMFO,104,TRUE,FALSE,Peru,Yanamayo,-72.26289,-13.25588,TRUE,2906,2009-09-19,2010-05-13,,,,
RWIMFO_Yanamayo_Baby,9,1,potato,CIP399048.39,tubers,16666.67,,TRUE,13333.333,doi_10.21223_P3_RWIMFO,105,TRUE,FALSE,Peru,Yanamayo,-72.26289,-13.25588,TRUE,2906,2009-09-19,2010-05-13,,,,
RWIMFO_Yanamayo_Baby,10,1,potato,CIP399001.16,tubers,30000,,TRUE,23333.333,doi_10.21223_P3_RWIMFO,106,TRUE,FALSE,Peru,Yanamayo,-72.26289,-13.25588,TRUE,2906,2009-09-19,2010-05-13,,,,
RWIMFO_Yanamayo_Baby,11,1,potato,CIP399072.28,tubers,40000,,TRUE,20000,doi_10.21223_P3_RWIMFO,107,TRUE,FALSE,Peru,Yanamayo,-72.26289,-13.25588,TRUE,2906,2009-09-19,2010-05-13,,,,
RWIMFO_Yanamayo_Baby,12,1,potato,CIP399049.14,tubers,36666.67,,TRUE,16666.667,doi_10.21223_P3_RWIMFO,108,TRUE,FALSE,Peru,Yanamayo,-72.26289,-13.25588,TRUE,2906,2009-09-19,2010-05-13,,,,
RWIMFO_Yanamayo_Baby,13,1,potato,CIP399049.16,tubers,43333.33,,TRUE,20000,doi_10.21223_P3_RWIMFO,109,TRUE,FALSE,Peru,Yanamayo,-72.26289,-13.25588,TRUE,2906,2009-09-19,2010-05-13,,,,
RWIMFO_Yanamayo_Baby,14,1,potato,CIP399049.22,tubers,16666.67,,TRUE,6666.667,doi_10.21223_P3_RWIMFO,110,TRUE,FALSE,Peru,Yanamayo,-72.26289,-13.25588,TRUE,2906,2009-09-19,2010-05-13,,,,
RWIMFO_Yanamayo_Baby,15,1,potato,CIP399075.22,tubers,16666.67,,TRUE,6666.667,doi_10.21223_P3_RWIMFO,111,TRUE,FALSE,Peru,Yanamayo,-72.26289,-13.25588,TRUE,2906,2009-09-19,2010-05-13,,,,
RWIMFO_Yanamayo_Baby,16,1,potato,Huayro,tubers,10000,,TRUE,6666.667,doi_10.21223_P3_RWIMFO,112,TRUE,FALSE,Peru,Yanamayo,-72.26289,-13.25588,TRUE,2906,2009-09-19,2010-05-13,,,,
RWIMFO_Yanamayo_Baby,17,2,potato,CIP399054.1,tubers,36666.67,,TRUE,20000,doi_10.21223_P3_RWIMFO,113,TRUE,FALSE,Peru,Yanamayo,-72.26289,-13.25588,TRUE,2906,2009-09-19,2010-05-13,,,,
RWIMFO_Yanamayo_Baby,18,2,potato,CIP399090.48,tubers,36666.67,,TRUE,20000,doi_10.21223_P3_RWIMFO,114,TRUE,FALSE,Peru,Yanamayo,-72.26289,-13.25588,TRUE,2906,2009-09-19,2010-05-13,,,,
RWIMFO_Yanamayo_Baby,19,2,potato,CIP399052.3,tubers,40000,,TRUE,23333.333,doi_10.21223_P3_RWIMFO,115,TRUE,FALSE,Peru,Yanamayo,-72.26289,-13.25588,TRUE,2906,2009-09-19,2010-05-13,,,,
RWIMFO_Yanamayo_Baby,20,2,potato,CIP399053.11,tubers,46666.67,,TRUE,20000,doi_10.21223_P3_RWIMFO,116,TRUE,FALSE,Peru,Yanamayo,-72.26289,-13.25588,TRUE,2906,2009-09-19,2010-05-13,,,,
RWIMFO_Yanamayo_Baby,21,2,potato,CIP399053.12,tubers,30000,,TRUE,16666.667,doi_10.21223_P3_RWIMFO,117,TRUE,FALSE,Peru,Yanamayo,-72.26289,-13.25588,TRUE,2906,2009-09-19,2010-05-13,,,,
RWIMFO_Yanamayo_Baby,22,2,potato,CIP399058.12,tubers,43333.33,,TRUE,20000,doi_10.21223_P3_RWIMFO,118,TRUE,FALSE,Peru,Yanamayo,-72.26289,-13.25588,TRUE,2906,2009-09-19,2010-05-13,,,,
RWIMFO_Yanamayo_Baby,23,2,potato,CIP399062.108,tubers,30000,,TRUE,16666.667,doi_10.21223_P3_RWIMFO,119,TRUE,FALSE,Peru,Yanamayo,-72.26289,-13.25588,TRUE,2906,2009-09-19,2010-05-13,,,,
RWIMFO_Yanamayo_Baby,24,2,potato,CIP399062.119,tubers,43333.33,,TRUE,23333.333,doi_10.21223_P3_RWIMFO,120,TRUE,FALSE,Peru,Yanamayo,-72.26289,-13.25588,TRUE,2906,2009-09-19,2010-05-13,,,,
RWIMFO_Yanamayo_Baby,25,2,potato,CIP399048.39,tubers,46666.67,,TRUE,26666.667,doi_10.21223_P3_RWIMFO,121,TRUE,FALSE,Peru,Yanamayo,-72.26289,-13.25588,TRUE,2906,2009-09-19,2010-05-13,,,,
RWIMFO_Yanamayo_Baby,26,2,potato,CIP399001.16,tubers,46666.67,,TRUE,20000,doi_10.21223_P3_RWIMFO,122,TRUE,FALSE,Peru,Yanamayo,-72.26289,-13.25588,TRUE,2906,2009-09-19,2010-05-13,,,,
RWIMFO_Yanamayo_Baby,27,2,potato,CIP399072.28,tubers,30000,,TRUE,13333.333,doi_10.21223_P3_RWIMFO,123,TRUE,FALSE,Peru,Yanamayo,-72.26289,-13.25588,TRUE,2906,2009-09-19,2010-05-13,,,,
RWIMFO_Yanamayo_Baby,28,2,potato,CIP399049.14,tubers,26666.67,,TRUE,20000,doi_10.21223_P3_RWIMFO,124,TRUE,FALSE,Peru,Yanamayo,-72.26289,-13.25588,TRUE,2906,2009-09-19,2010-05-13,,,,
RWIMFO_Yanamayo_Baby,29,2,potato,CIP399049.16,tubers,53333.33,,TRUE,33333.333,doi_10.21223_P3_RWIMFO,125,TRUE,FALSE,Peru,Yanamayo,-72.26289,-13.25588,TRUE,2906,2009-09-19,2010-05-13,,,,
RWIMFO_Yanamayo_Baby,30,2,potato,CIP399049.22,tubers,36666.67,,TRUE,16666.667,doi_10.21223_P3_RWIMFO,126,TRUE,FALSE,Peru,Yanamayo,-72.26289,-13.25588,TRUE,2906,2009-09-19,2010-05-13,,,,
RWIMFO_Yanamayo_Baby,31,2,potato,CIP399075.22,tubers,26666.67,,TRUE,13333.333,doi_10.21223_P3_RWIMFO,127,TRUE,FALSE,Peru,Yanamayo,-72.26289,-13.25588,TRUE,2906,2009-09-19,2010-05-13,,,,
RWIMFO_Yanamayo_Baby,32,2,potato,Huayro,tubers,40000,,TRUE,20000,doi_10.21223_P3_RWIMFO,128,TRUE,FALSE,Peru,Yanamayo,-72.26289,-13.25588,TRUE,2906,2009-09-19,2010-05-13,,,,
RWIMFO_Yanamayo_Baby,33,3,potato,CIP399054.1,tubers,46666.67,,TRUE,23333.333,doi_10.21223_P3_RWIMFO,129,TRUE,FALSE,Peru,Yanamayo,-72.26289,-13.25588,TRUE,2906,2009-09-19,2010-05-13,,,,
RWIMFO_Yanamayo_Baby,34,3,potato,CIP399090.48,tubers,43333.33,,TRUE,16666.667,doi_10.21223_P3_RWIMFO,130,TRUE,FALSE,Peru,Yanamayo,-72.26289,-13.25588,TRUE,2906,2009-09-19,2010-05-13,,,,
RWIMFO_Yanamayo_Baby,35,3,potato,CIP399052.3,tubers,40000,,TRUE,20000,doi_10.21223_P3_RWIMFO,131,TRUE,FALSE,Peru,Yanamayo,-72.26289,-13.25588,TRUE,2906,2009-09-19,2010-05-13,,,,
RWIMFO_Yanamayo_Baby,36,3,potato,CIP399053.11,tubers,40000,,TRUE,23333.333,doi_10.21223_P3_RWIMFO,132,TRUE,FALSE,Peru,Yanamayo,-72.26289,-13.25588,TRUE,2906,2009-09-19,2010-05-13,,,,
RWIMFO_Yanamayo_Baby,37,3,potato,CIP399053.12,tubers,30000,,TRUE,16666.667,doi_10.21223_P3_RWIMFO,133,TRUE,FALSE,Peru,Yanamayo,-72.26289,-13.25588,TRUE,2906,2009-09-19,2010-05-13,,,,
RWIMFO_Yanamayo_Baby,38,3,potato,CIP399058.12,tubers,30000,,TRUE,16666.667,doi_10.21223_P3_RWIMFO,134,TRUE,FALSE,Peru,Yanamayo,-72.26289,-13.25588,TRUE,2906,2009-09-19,2010-05-13,,,,
RWIMFO_Yanamayo_Baby,39,3,potato,CIP399062.108,tubers,26666.67,,TRUE,20000,doi_10.21223_P3_RWIMFO,135,TRUE,FALSE,Peru,Yanamayo,-72.26289,-13.25588,TRUE,2906,2009-09-19,2010-05-13,,,,
RWIMFO_Yanamayo_Baby,40,3,potato,CIP399062.119,tubers,33333.33,,TRUE,16666.667,doi_10.21223_P3_RWIMFO,136,TRUE,FALSE,Peru,Yanamayo,-72.26289,-13.25588,TRUE,2906,2009-09-19,2010-05-13,,,,
RWIMFO_Yanamayo_Baby,41,3,potato,CIP399048.39,tubers,43333.33,,TRUE,20000,doi_10.21223_P3_RWIMFO,137,TRUE,FALSE,Peru,Yanamayo,-72.26289,-13.25588,TRUE,2906,2009-09-19,2010-05-13,,,,
RWIMFO_Yanamayo_Baby,42,3,potato,CIP399001.16,tubers,56666.67,,TRUE,26666.667,doi_10.21223_P3_RWIMFO,138,TRUE,FALSE,Peru,Yanamayo,-72.26289,-13.25588,TRUE,2906,2009-09-19,2010-05-13,,,,
RWIMFO_Yanamayo_Baby,43,3,potato,CIP399072.28,tubers,56666.67,,TRUE,30000,doi_10.21223_P3_RWIMFO,139,TRUE,FALSE,Peru,Yanamayo,-72.26289,-13.25588,TRUE,2906,2009-09-19,2010-05-13,,,,
RWIMFO_Yanamayo_Baby,44,3,potato,CIP399049.14,tubers,60000,,TRUE,33333.333,doi_10.21223_P3_RWIMFO,140,TRUE,FALSE,Peru,Yanamayo,-72.26289,-13.25588,TRUE,2906,2009-09-19,2010-05-13,,,,
RWIMFO_Yanamayo_Baby,45,3,potato,CIP399049.16,tubers,63333.33,,TRUE,36666.667,doi_10.21223_P3_RWIMFO,141,TRUE,FALSE,Peru,Yanamayo,-72.26289,-13.25588,TRUE,2906,2009-09-19,2010-05-13,,,,
RWIMFO_Yanamayo_Baby,46,3,potato,CIP399049.22,tubers,53333.33,,TRUE,20000,doi_10.21223_P3_RWIMFO,142,TRUE,FALSE,Peru,Yanamayo,-72.26289,-13.25588,TRUE,2906,2009-09-19,2010-05-13,,,,
RWIMFO_Yanamayo_Baby,47,3,potato,CIP399075.22,tubers,36666.67,,TRUE,16666.667,doi_10.21223_P3_RWIMFO,143,TRUE,FALSE,Peru,Yanamayo,-72.26289,-13.25588,TRUE,2906,2009-09-19,2010-05-13,,,,
RWIMFO_Yanamayo_Baby,48,3,potato,Huayro,tubers,40000,,TRUE,20000,doi_10.21223_P3_RWIMFO,144,TRUE,FALSE,Peru,Yanamayo,-72.26289,-13.25588,TRUE,2906,2009-09-19,2010-05-13,,,,
RWIMFO_Patacancha_Baby,1,1,potato,CIP399054.1,tubers,26667,,TRUE,10000,doi_10.21223_P3_RWIMFO,145,TRUE,FALSE,Peru,Patacancha,-72.18757,-13.14994,TRUE,4121,2009-11-10,2010-05-12,,,,
RWIMFO_Patacancha_Baby,2,1,potato,CIP399090.48,tubers,20000,,TRUE,6667,doi_10.21223_P3_RWIMFO,146,TRUE,FALSE,Peru,Patacancha,-72.18757,-13.14994,TRUE,4121,2009-11-10,2010-05-12,,,,
RWIMFO_Patacancha_Baby,3,1,potato,CIP399052.3,tubers,23333,,TRUE,16667,doi_10.21223_P3_RWIMFO,147,TRUE,FALSE,Peru,Patacancha,-72.18757,-13.14994,TRUE,4121,2009-11-10,2010-05-12,,,,
RWIMFO_Patacancha_Baby,4,1,potato,CIP399053.11,tubers,20000,,TRUE,10000,doi_10.21223_P3_RWIMFO,148,TRUE,FALSE,Peru,Patacancha,-72.18757,-13.14994,TRUE,4121,2009-11-10,2010-05-12,,,,
RWIMFO_Patacancha_Baby,5,1,potato,CIP399053.12,tubers,20000,,TRUE,6667,doi_10.21223_P3_RWIMFO,149,TRUE,FALSE,Peru,Patacancha,-72.18757,-13.14994,TRUE,4121,2009-11-10,2010-05-12,,,,
RWIMFO_Patacancha_Baby,6,1,potato,CIP399058.12,tubers,16667,,TRUE,10000,doi_10.21223_P3_RWIMFO,150,TRUE,FALSE,Peru,Patacancha,-72.18757,-13.14994,TRUE,4121,2009-11-10,2010-05-12,,,,
RWIMFO_Patacancha_Baby,7,1,potato,CIP399062.108,tubers,20000,,TRUE,13333,doi_10.21223_P3_RWIMFO,151,TRUE,FALSE,Peru,Patacancha,-72.18757,-13.14994,TRUE,4121,2009-11-10,2010-05-12,,,,
RWIMFO_Patacancha_Baby,8,1,potato,CIP399062.119,tubers,16667,,TRUE,10000,doi_10.21223_P3_RWIMFO,152,TRUE,FALSE,Peru,Patacancha,-72.18757,-13.14994,TRUE,4121,2009-11-10,2010-05-12,,,,
RWIMFO_Patacancha_Baby,9,1,potato,CIP399048.39,tubers,23333,,TRUE,16667,doi_10.21223_P3_RWIMFO,153,TRUE,FALSE,Peru,Patacancha,-72.18757,-13.14994,TRUE,4121,2009-11-10,2010-05-12,,,,
RWIMFO_Patacancha_Baby,10,1,potato,CIP399001.16,tubers,33333,,TRUE,13333,doi_10.21223_P3_RWIMFO,154,TRUE,FALSE,Peru,Patacancha,-72.18757,-13.14994,TRUE,4121,2009-11-10,2010-05-12,,,,
RWIMFO_Patacancha_Baby,11,1,potato,CIP399072.28,tubers,20000,,TRUE,13333,doi_10.21223_P3_RWIMFO,155,TRUE,FALSE,Peru,Patacancha,-72.18757,-13.14994,TRUE,4121,2009-11-10,2010-05-12,,,,
RWIMFO_Patacancha_Baby,12,1,potato,CIP399049.14,tubers,23333,,TRUE,16667,doi_10.21223_P3_RWIMFO,156,TRUE,FALSE,Peru,Patacancha,-72.18757,-13.14994,TRUE,4121,2009-11-10,2010-05-12,,,,
RWIMFO_Patacancha_Baby,13,1,potato,CIP399049.16,tubers,40000,,TRUE,20000,doi_10.21223_P3_RWIMFO,157,TRUE,FALSE,Peru,Patacancha,-72.18757,-13.14994,TRUE,4121,2009-11-10,2010-05-12,,,,
RWIMFO_Patacancha_Baby,14,1,potato,CIP399049.22,tubers,23333,,TRUE,10000,doi_10.21223_P3_RWIMFO,158,TRUE,FALSE,Peru,Patacancha,-72.18757,-13.14994,TRUE,4121,2009-11-10,2010-05-12,,,,
RWIMFO_Patacancha_Baby,15,1,potato,CIP399075.22,tubers,16667,,TRUE,10000,doi_10.21223_P3_RWIMFO,159,TRUE,FALSE,Peru,Patacancha,-72.18757,-13.14994,TRUE,4121,2009-11-10,2010-05-12,,,,
RWIMFO_Patacancha_Baby,16,1,potato,Huayro,tubers,10000,,TRUE,6667,doi_10.21223_P3_RWIMFO,160,TRUE,FALSE,Peru,Patacancha,-72.18757,-13.14994,TRUE,4121,2009-11-10,2010-05-12,,,,
RWIMFO_Patacancha_Baby,17,2,potato,CIP399054.1,tubers,20000,,TRUE,13333,doi_10.21223_P3_RWIMFO,161,TRUE,FALSE,Peru,Patacancha,-72.18757,-13.14994,TRUE,4121,2009-11-10,2010-05-12,,,,
RWIMFO_Patacancha_Baby,18,2,potato,CIP399090.48,tubers,20000,,TRUE,16667,doi_10.21223_P3_RWIMFO,162,TRUE,FALSE,Peru,Patacancha,-72.18757,-13.14994,TRUE,4121,2009-11-10,2010-05-12,,,,
RWIMFO_Patacancha_Baby,19,2,potato,CIP399052.3,tubers,13333,,TRUE,10000,doi_10.21223_P3_RWIMFO,163,TRUE,FALSE,Peru,Patacancha,-72.18757,-13.14994,TRUE,4121,2009-11-10,2010-05-12,,,,
RWIMFO_Patacancha_Baby,20,2,potato,CIP399053.11,tubers,20000,,TRUE,13333,doi_10.21223_P3_RWIMFO,164,TRUE,FALSE,Peru,Patacancha,-72.18757,-13.14994,TRUE,4121,2009-11-10,2010-05-12,,,,
RWIMFO_Patacancha_Baby,21,2,potato,CIP399053.12,tubers,20000,,TRUE,16667,doi_10.21223_P3_RWIMFO,165,TRUE,FALSE,Peru,Patacancha,-72.18757,-13.14994,TRUE,4121,2009-11-10,2010-05-12,,,,
RWIMFO_Patacancha_Baby,22,2,potato,CIP399058.12,tubers,16667,,TRUE,6667,doi_10.21223_P3_RWIMFO,166,TRUE,FALSE,Peru,Patacancha,-72.18757,-13.14994,TRUE,4121,2009-11-10,2010-05-12,,,,
RWIMFO_Patacancha_Baby,23,2,potato,CIP399062.108,tubers,16667,,TRUE,13333,doi_10.21223_P3_RWIMFO,167,TRUE,FALSE,Peru,Patacancha,-72.18757,-13.14994,TRUE,4121,2009-11-10,2010-05-12,,,,
RWIMFO_Patacancha_Baby,24,2,potato,CIP399062.119,tubers,23333,,TRUE,16667,doi_10.21223_P3_RWIMFO,168,TRUE,FALSE,Peru,Patacancha,-72.18757,-13.14994,TRUE,4121,2009-11-10,2010-05-12,,,,
RWIMFO_Patacancha_Baby,25,2,potato,CIP399048.39,tubers,16667,,TRUE,13333,doi_10.21223_P3_RWIMFO,169,TRUE,FALSE,Peru,Patacancha,-72.18757,-13.14994,TRUE,4121,2009-11-10,2010-05-12,,,,
RWIMFO_Patacancha_Baby,26,2,potato,CIP399001.16,tubers,23333,,TRUE,6667,doi_10.21223_P3_RWIMFO,170,TRUE,FALSE,Peru,Patacancha,-72.18757,-13.14994,TRUE,4121,2009-11-10,2010-05-12,,,,
RWIMFO_Patacancha_Baby,27,2,potato,CIP399072.28,tubers,23333,,TRUE,16667,doi_10.21223_P3_RWIMFO,171,TRUE,FALSE,Peru,Patacancha,-72.18757,-13.14994,TRUE,4121,2009-11-10,2010-05-12,,,,
RWIMFO_Patacancha_Baby,28,2,potato,CIP399049.14,tubers,30000,,TRUE,20000,doi_10.21223_P3_RWIMFO,172,TRUE,FALSE,Peru,Patacancha,-72.18757,-13.14994,TRUE,4121,2009-11-10,2010-05-12,,,,
RWIMFO_Patacancha_Baby,29,2,potato,CIP399049.16,tubers,33333,,TRUE,20000,doi_10.21223_P3_RWIMFO,173,TRUE,FALSE,Peru,Patacancha,-72.18757,-13.14994,TRUE,4121,2009-11-10,2010-05-12,,,,
RWIMFO_Patacancha_Baby,30,2,potato,CIP399049.22,tubers,23333,,TRUE,16667,doi_10.21223_P3_RWIMFO,174,TRUE,FALSE,Peru,Patacancha,-72.18757,-13.14994,TRUE,4121,2009-11-10,2010-05-12,,,,
RWIMFO_Patacancha_Baby,31,2,potato,CIP399075.22,tubers,20000,,TRUE,13333,doi_10.21223_P3_RWIMFO,175,TRUE,FALSE,Peru,Patacancha,-72.18757,-13.14994,TRUE,4121,2009-11-10,2010-05-12,,,,
RWIMFO_Patacancha_Baby,32,2,potato,Huayro,tubers,16667,,TRUE,6667,doi_10.21223_P3_RWIMFO,176,TRUE,FALSE,Peru,Patacancha,-72.18757,-13.14994,TRUE,4121,2009-11-10,2010-05-12,,,,
RWIMFO_Patacancha_Baby,33,3,potato,CIP399054.1,tubers,16667,,TRUE,6667,doi_10.21223_P3_RWIMFO,177,TRUE,FALSE,Peru,Patacancha,-72.18757,-13.14994,TRUE,4121,2009-11-10,2010-05-12,,,,
RWIMFO_Patacancha_Baby,34,3,potato,CIP399090.48,tubers,23333,,TRUE,10000,doi_10.21223_P3_RWIMFO,178,TRUE,FALSE,Peru,Patacancha,-72.18757,-13.14994,TRUE,4121,2009-11-10,2010-05-12,,,,
RWIMFO_Patacancha_Baby,35,3,potato,CIP399052.3,tubers,10000,,TRUE,6667,doi_10.21223_P3_RWIMFO,179,TRUE,FALSE,Peru,Patacancha,-72.18757,-13.14994,TRUE,4121,2009-11-10,2010-05-12,,,,
RWIMFO_Patacancha_Baby,36,3,potato,CIP399053.11,tubers,20000,,TRUE,16667,doi_10.21223_P3_RWIMFO,180,TRUE,FALSE,Peru,Patacancha,-72.18757,-13.14994,TRUE,4121,2009-11-10,2010-05-12,,,,
RWIMFO_Patacancha_Baby,37,3,potato,CIP399053.12,tubers,20000,,TRUE,13333,doi_10.21223_P3_RWIMFO,181,TRUE,FALSE,Peru,Patacancha,-72.18757,-13.14994,TRUE,4121,2009-11-10,2010-05-12,,,,
RWIMFO_Patacancha_Baby,38,3,potato,CIP399058.12,tubers,13333,,TRUE,6667,doi_10.21223_P3_RWIMFO,182,TRUE,FALSE,Peru,Patacancha,-72.18757,-13.14994,TRUE,4121,2009-11-10,2010-05-12,,,,
RWIMFO_Patacancha_Baby,39,3,potato,CIP399062.108,tubers,23333,,TRUE,16667,doi_10.21223_P3_RWIMFO,183,TRUE,FALSE,Peru,Patacancha,-72.18757,-13.14994,TRUE,4121,2009-11-10,2010-05-12,,,,
RWIMFO_Patacancha_Baby,40,3,potato,CIP399062.119,tubers,13333,,TRUE,10000,doi_10.21223_P3_RWIMFO,184,TRUE,FALSE,Peru,Patacancha,-72.18757,-13.14994,TRUE,4121,2009-11-10,2010-05-12,,,,
RWIMFO_Patacancha_Baby,41,3,potato,CIP399048.39,tubers,16667,,TRUE,13333,doi_10.21223_P3_RWIMFO,185,TRUE,FALSE,Peru,Patacancha,-72.18757,-13.14994,TRUE,4121,2009-11-10,2010-05-12,,,,
RWIMFO_Patacancha_Baby,42,3,potato,CIP399001.16,tubers,20000,,TRUE,13333,doi_10.21223_P3_RWIMFO,186,TRUE,FALSE,Peru,Patacancha,-72.18757,-13.14994,TRUE,4121,2009-11-10,2010-05-12,,,,
RWIMFO_Patacancha_Baby,43,3,potato,CIP399072.28,tubers,23333,,TRUE,10000,doi_10.21223_P3_RWIMFO,187,TRUE,FALSE,Peru,Patacancha,-72.18757,-13.14994,TRUE,4121,2009-11-10,2010-05-12,,,,
RWIMFO_Patacancha_Baby,44,3,potato,CIP399049.14,tubers,20000,,TRUE,6667,doi_10.21223_P3_RWIMFO,188,TRUE,FALSE,Peru,Patacancha,-72.18757,-13.14994,TRUE,4121,2009-11-10,2010-05-12,,,,
RWIMFO_Patacancha_Baby,45,3,potato,CIP399049.16,tubers,20000,,TRUE,13333,doi_10.21223_P3_RWIMFO,189,TRUE,FALSE,Peru,Patacancha,-72.18757,-13.14994,TRUE,4121,2009-11-10,2010-05-12,,,,
RWIMFO_Patacancha_Baby,46,3,potato,CIP399049.22,tubers,23333,,TRUE,13333,doi_10.21223_P3_RWIMFO,190,TRUE,FALSE,Peru,Patacancha,-72.18757,-13.14994,TRUE,4121,2009-11-10,2010-05-12,,,,
RWIMFO_Patacancha_Baby,47,3,potato,CIP399075.22,tubers,20000,,TRUE,16667,doi_10.21223_P3_RWIMFO,191,TRUE,FALSE,Peru,Patacancha,-72.18757,-13.14994,TRUE,4121,2009-11-10,2010-05-12,,,,
RWIMFO_Patacancha_Baby,48,3,potato,Huayro,tubers,13333,,TRUE,10000,doi_10.21223_P3_RWIMFO,192,TRUE,FALSE,Peru,Patacancha,-72.18757,-13.14994,TRUE,4121,2009-11-10,2010-05-12,,,,
